,track-id,type,position,type-position,floor,fold,data
0,A-000000.wav,MB,1F00m,MB-1F00m,-1,1,TRUE
1,A-000001.wav,MB,1F00m,MB-1F00m,-1,2,TRUE
2,A-000002.wav,MB,1F00m,MB-1F00m,-1,3,TRUE
3,A-000003.wav,MB,1F00m,MB-1F00m,-1,4,TRUE
4,A-000004.wav,MB,1F00m,MB-1F00m,-1,5,TRUE
5,A-000005.wav,MB,1F00m,MB-1F00m,-1,1,TRUE
6,A-000006.wav,MB,1F00m,MB-1F00m,-1,2,TRUE
7,A-000007.wav,MB,1F00m,MB-1F00m,-1,3,TRUE
8,A-000008.wav,MB,1F00m,MB-1F00m,-1,4,TRUE
9,A-000009.wav,MB,1F00m,MB-1F00m,-1,5,TRUE
10,A-000010.wav,MB,1F00m,MB-1F00m,-1,1,TRUE
11,A-000011.wav,MB,1F00m,MB-1F00m,-1,2,TRUE
12,A-000012.wav,MB,1F00m,MB-1F00m,-1,3,TRUE
13,A-000013.wav,MB,1F00m,MB-1F00m,-1,4,TRUE
14,A-000014.wav,MB,1F00m,MB-1F00m,-1,5,TRUE
15,A-000015.wav,MB,1F00m,MB-1F00m,-1,1,TRUE
16,A-000016.wav,MB,1F00m,MB-1F00m,-1,2,TRUE
17,A-000017.wav,MB,1F00m,MB-1F00m,-1,3,TRUE
18,A-000018.wav,MB,1F00m,MB-1F00m,-1,4,TRUE
19,A-000019.wav,MB,1F00m,MB-1F00m,-1,5,TRUE
20,A-000020.wav,MB,1F00m,MB-1F00m,-1,1,TRUE
21,A-000021.wav,MB,1F00m,MB-1F00m,-1,2,TRUE
22,A-000022.wav,MB,1F00m,MB-1F00m,-1,3,TRUE
23,A-000023.wav,MB,1F00m,MB-1F00m,-1,4,TRUE
24,A-000024.wav,MB,1F00m,MB-1F00m,-1,5,TRUE
25,A-000025.wav,MB,1F00m,MB-1F00m,-1,1,TRUE
26,A-000026.wav,MB,1F00m,MB-1F00m,-1,2,TRUE
27,A-000027.wav,MB,1F00m,MB-1F00m,-1,3,TRUE
28,A-000028.wav,MB,1F00m,MB-1F00m,-1,4,TRUE
29,A-000029.wav,MB,1F00m,MB-1F00m,-1,5,TRUE
30,A-000030.wav,MB,1F00m,MB-1F00m,-1,1,TRUE
31,A-000031.wav,MB,1F00m,MB-1F00m,-1,2,TRUE
32,A-000032.wav,MB,1F00m,MB-1F00m,-1,3,TRUE
33,A-000033.wav,MB,1F00m,MB-1F00m,-1,4,TRUE
34,A-000034.wav,MB,1F00m,MB-1F00m,-1,5,TRUE
35,A-000035.wav,MB,1F00m,MB-1F00m,-1,1,TRUE
36,A-000036.wav,MB,1F00m,MB-1F00m,-1,2,TRUE
37,A-000037.wav,MB,1F00m,MB-1F00m,-1,3,TRUE
38,A-000038.wav,MB,1F00m,MB-1F00m,-1,4,TRUE
39,A-000039.wav,MB,1F00m,MB-1F00m,-1,5,TRUE
40,A-000040.wav,MB,1F00m,MB-1F00m,-1,1,TRUE
41,A-000041.wav,MB,1F00m,MB-1F00m,-1,2,TRUE
42,A-000042.wav,MB,1F00m,MB-1F00m,-1,3,TRUE
43,A-000043.wav,MB,1F00m,MB-1F00m,-1,4,TRUE
44,A-000044.wav,MB,1F00m,MB-1F00m,-1,5,TRUE
45,A-000045.wav,MB,1F00m,MB-1F00m,-1,1,TRUE
46,A-000046.wav,MB,1F00m,MB-1F00m,-1,2,TRUE
47,A-000047.wav,MB,1F00m,MB-1F00m,-1,3,TRUE
48,A-000048.wav,MB,1F00m,MB-1F00m,-1,4,TRUE
49,A-000049.wav,MB,1F00m,MB-1F00m,-1,5,TRUE
50,A-001000.wav,MB,1F06m,MB-1F06m,-1,1,TRUE
51,A-001001.wav,MB,1F06m,MB-1F06m,-1,2,TRUE
52,A-001002.wav,MB,1F06m,MB-1F06m,-1,3,TRUE
53,A-001003.wav,MB,1F06m,MB-1F06m,-1,4,TRUE
54,A-001004.wav,MB,1F06m,MB-1F06m,-1,5,TRUE
55,A-001005.wav,MB,1F06m,MB-1F06m,-1,1,TRUE
56,A-001006.wav,MB,1F06m,MB-1F06m,-1,2,TRUE
57,A-001007.wav,MB,1F06m,MB-1F06m,-1,3,TRUE
58,A-001008.wav,MB,1F06m,MB-1F06m,-1,4,TRUE
59,A-001009.wav,MB,1F06m,MB-1F06m,-1,5,TRUE
60,A-001010.wav,MB,1F06m,MB-1F06m,-1,1,TRUE
61,A-001011.wav,MB,1F06m,MB-1F06m,-1,2,TRUE
62,A-001012.wav,MB,1F06m,MB-1F06m,-1,3,TRUE
63,A-001013.wav,MB,1F06m,MB-1F06m,-1,4,TRUE
64,A-001014.wav,MB,1F06m,MB-1F06m,-1,5,TRUE
65,A-001015.wav,MB,1F06m,MB-1F06m,-1,1,TRUE
66,A-001016.wav,MB,1F06m,MB-1F06m,-1,2,TRUE
67,A-001017.wav,MB,1F06m,MB-1F06m,-1,3,TRUE
68,A-001018.wav,MB,1F06m,MB-1F06m,-1,4,TRUE
69,A-001019.wav,MB,1F06m,MB-1F06m,-1,5,TRUE
70,A-001020.wav,MB,1F06m,MB-1F06m,-1,1,TRUE
71,A-001021.wav,MB,1F06m,MB-1F06m,-1,2,TRUE
72,A-001022.wav,MB,1F06m,MB-1F06m,-1,3,TRUE
73,A-001023.wav,MB,1F06m,MB-1F06m,-1,4,TRUE
74,A-001024.wav,MB,1F06m,MB-1F06m,-1,5,TRUE
75,A-001025.wav,MB,1F06m,MB-1F06m,-1,1,TRUE
76,A-001026.wav,MB,1F06m,MB-1F06m,-1,2,TRUE
77,A-001027.wav,MB,1F06m,MB-1F06m,-1,3,TRUE
78,A-001028.wav,MB,1F06m,MB-1F06m,-1,4,TRUE
79,A-001029.wav,MB,1F06m,MB-1F06m,-1,5,TRUE
80,A-001030.wav,MB,1F06m,MB-1F06m,-1,1,TRUE
81,A-001031.wav,MB,1F06m,MB-1F06m,-1,2,TRUE
82,A-001032.wav,MB,1F06m,MB-1F06m,-1,3,TRUE
83,A-001033.wav,MB,1F06m,MB-1F06m,-1,4,TRUE
84,A-001034.wav,MB,1F06m,MB-1F06m,-1,5,TRUE
85,A-001035.wav,MB,1F06m,MB-1F06m,-1,1,TRUE
86,A-001036.wav,MB,1F06m,MB-1F06m,-1,2,TRUE
87,A-001037.wav,MB,1F06m,MB-1F06m,-1,3,TRUE
88,A-001038.wav,MB,1F06m,MB-1F06m,-1,4,TRUE
89,A-001039.wav,MB,1F06m,MB-1F06m,-1,5,TRUE
90,A-001040.wav,MB,1F06m,MB-1F06m,-1,1,TRUE
91,A-001041.wav,MB,1F06m,MB-1F06m,-1,2,TRUE
92,A-001042.wav,MB,1F06m,MB-1F06m,-1,3,TRUE
93,A-001043.wav,MB,1F06m,MB-1F06m,-1,4,TRUE
94,A-001044.wav,MB,1F06m,MB-1F06m,-1,5,TRUE
95,A-001045.wav,MB,1F06m,MB-1F06m,-1,1,TRUE
96,A-001046.wav,MB,1F06m,MB-1F06m,-1,2,TRUE
97,A-001047.wav,MB,1F06m,MB-1F06m,-1,3,TRUE
98,A-001048.wav,MB,1F06m,MB-1F06m,-1,4,TRUE
99,A-001049.wav,MB,1F06m,MB-1F06m,-1,5,TRUE
100,A-002000.wav,MB,1F12m,MB-1F12m,-1,1,TRUE
101,A-002001.wav,MB,1F12m,MB-1F12m,-1,2,TRUE
102,A-002002.wav,MB,1F12m,MB-1F12m,-1,3,TRUE
103,A-002003.wav,MB,1F12m,MB-1F12m,-1,4,TRUE
104,A-002004.wav,MB,1F12m,MB-1F12m,-1,5,TRUE
105,A-002005.wav,MB,1F12m,MB-1F12m,-1,1,TRUE
106,A-002006.wav,MB,1F12m,MB-1F12m,-1,2,TRUE
107,A-002007.wav,MB,1F12m,MB-1F12m,-1,3,TRUE
108,A-002008.wav,MB,1F12m,MB-1F12m,-1,4,TRUE
109,A-002009.wav,MB,1F12m,MB-1F12m,-1,5,TRUE
110,A-002010.wav,MB,1F12m,MB-1F12m,-1,1,TRUE
111,A-002011.wav,MB,1F12m,MB-1F12m,-1,2,TRUE
112,A-002012.wav,MB,1F12m,MB-1F12m,-1,3,TRUE
113,A-002013.wav,MB,1F12m,MB-1F12m,-1,4,TRUE
114,A-002014.wav,MB,1F12m,MB-1F12m,-1,5,TRUE
115,A-002015.wav,MB,1F12m,MB-1F12m,-1,1,TRUE
116,A-002016.wav,MB,1F12m,MB-1F12m,-1,2,TRUE
117,A-002017.wav,MB,1F12m,MB-1F12m,-1,3,TRUE
118,A-002018.wav,MB,1F12m,MB-1F12m,-1,4,TRUE
119,A-002019.wav,MB,1F12m,MB-1F12m,-1,5,TRUE
120,A-002020.wav,MB,1F12m,MB-1F12m,-1,1,TRUE
121,A-002021.wav,MB,1F12m,MB-1F12m,-1,2,TRUE
122,A-002022.wav,MB,1F12m,MB-1F12m,-1,3,TRUE
123,A-002023.wav,MB,1F12m,MB-1F12m,-1,4,TRUE
124,A-002024.wav,MB,1F12m,MB-1F12m,-1,5,TRUE
125,A-002025.wav,MB,1F12m,MB-1F12m,-1,1,TRUE
126,A-002026.wav,MB,1F12m,MB-1F12m,-1,2,TRUE
127,A-002027.wav,MB,1F12m,MB-1F12m,-1,3,TRUE
128,A-002028.wav,MB,1F12m,MB-1F12m,-1,4,TRUE
129,A-002029.wav,MB,1F12m,MB-1F12m,-1,5,TRUE
130,A-002030.wav,MB,1F12m,MB-1F12m,-1,1,TRUE
131,A-002031.wav,MB,1F12m,MB-1F12m,-1,2,TRUE
132,A-002032.wav,MB,1F12m,MB-1F12m,-1,3,TRUE
133,A-002033.wav,MB,1F12m,MB-1F12m,-1,4,TRUE
134,A-002034.wav,MB,1F12m,MB-1F12m,-1,5,TRUE
135,A-002035.wav,MB,1F12m,MB-1F12m,-1,1,TRUE
136,A-002036.wav,MB,1F12m,MB-1F12m,-1,2,TRUE
137,A-002037.wav,MB,1F12m,MB-1F12m,-1,3,TRUE
138,A-002038.wav,MB,1F12m,MB-1F12m,-1,4,TRUE
139,A-002039.wav,MB,1F12m,MB-1F12m,-1,5,TRUE
140,A-002040.wav,MB,1F12m,MB-1F12m,-1,1,TRUE
141,A-002041.wav,MB,1F12m,MB-1F12m,-1,2,TRUE
142,A-002042.wav,MB,1F12m,MB-1F12m,-1,3,TRUE
143,A-002043.wav,MB,1F12m,MB-1F12m,-1,4,TRUE
144,A-002044.wav,MB,1F12m,MB-1F12m,-1,5,TRUE
145,A-002045.wav,MB,1F12m,MB-1F12m,-1,1,TRUE
146,A-002046.wav,MB,1F12m,MB-1F12m,-1,2,TRUE
147,A-002047.wav,MB,1F12m,MB-1F12m,-1,3,TRUE
148,A-002048.wav,MB,1F12m,MB-1F12m,-1,4,TRUE
149,A-002049.wav,MB,1F12m,MB-1F12m,-1,5,TRUE
150,A-003000.wav,MB,2F00m,MB-2F00m,0,1,TRUE
151,A-003001.wav,MB,2F00m,MB-2F00m,0,2,TRUE
152,A-003002.wav,MB,2F00m,MB-2F00m,0,3,TRUE
153,A-003003.wav,MB,2F00m,MB-2F00m,0,4,TRUE
154,A-003004.wav,MB,2F00m,MB-2F00m,0,5,TRUE
155,A-003005.wav,MB,2F00m,MB-2F00m,0,1,TRUE
156,A-003006.wav,MB,2F00m,MB-2F00m,0,2,TRUE
157,A-003007.wav,MB,2F00m,MB-2F00m,0,3,TRUE
158,A-003008.wav,MB,2F00m,MB-2F00m,0,4,TRUE
159,A-003009.wav,MB,2F00m,MB-2F00m,0,5,TRUE
160,A-003010.wav,MB,2F00m,MB-2F00m,0,1,TRUE
161,A-003011.wav,MB,2F00m,MB-2F00m,0,2,TRUE
162,A-003012.wav,MB,2F00m,MB-2F00m,0,3,TRUE
163,A-003013.wav,MB,2F00m,MB-2F00m,0,4,TRUE
164,A-003014.wav,MB,2F00m,MB-2F00m,0,5,TRUE
165,A-003015.wav,MB,2F00m,MB-2F00m,0,1,TRUE
166,A-003016.wav,MB,2F00m,MB-2F00m,0,2,TRUE
167,A-003017.wav,MB,2F00m,MB-2F00m,0,3,TRUE
168,A-003018.wav,MB,2F00m,MB-2F00m,0,4,TRUE
169,A-003019.wav,MB,2F00m,MB-2F00m,0,5,TRUE
170,A-003020.wav,MB,2F00m,MB-2F00m,0,1,TRUE
171,A-003021.wav,MB,2F00m,MB-2F00m,0,2,TRUE
172,A-003022.wav,MB,2F00m,MB-2F00m,0,3,TRUE
173,A-003023.wav,MB,2F00m,MB-2F00m,0,4,TRUE
174,A-003024.wav,MB,2F00m,MB-2F00m,0,5,TRUE
175,A-003025.wav,MB,2F00m,MB-2F00m,0,1,TRUE
176,A-003026.wav,MB,2F00m,MB-2F00m,0,2,TRUE
177,A-003027.wav,MB,2F00m,MB-2F00m,0,3,TRUE
178,A-003028.wav,MB,2F00m,MB-2F00m,0,4,TRUE
179,A-003029.wav,MB,2F00m,MB-2F00m,0,5,TRUE
180,A-003030.wav,MB,2F00m,MB-2F00m,0,1,TRUE
181,A-003031.wav,MB,2F00m,MB-2F00m,0,2,TRUE
182,A-003032.wav,MB,2F00m,MB-2F00m,0,3,TRUE
183,A-003033.wav,MB,2F00m,MB-2F00m,0,4,TRUE
184,A-003034.wav,MB,2F00m,MB-2F00m,0,5,TRUE
185,A-003035.wav,MB,2F00m,MB-2F00m,0,1,TRUE
186,A-003036.wav,MB,2F00m,MB-2F00m,0,2,TRUE
187,A-003037.wav,MB,2F00m,MB-2F00m,0,3,TRUE
188,A-003038.wav,MB,2F00m,MB-2F00m,0,4,TRUE
189,A-003039.wav,MB,2F00m,MB-2F00m,0,5,TRUE
190,A-003040.wav,MB,2F00m,MB-2F00m,0,1,TRUE
191,A-003041.wav,MB,2F00m,MB-2F00m,0,2,TRUE
192,A-003042.wav,MB,2F00m,MB-2F00m,0,3,TRUE
193,A-003043.wav,MB,2F00m,MB-2F00m,0,4,TRUE
194,A-003044.wav,MB,2F00m,MB-2F00m,0,5,TRUE
195,A-003045.wav,MB,2F00m,MB-2F00m,0,1,TRUE
196,A-003046.wav,MB,2F00m,MB-2F00m,0,2,TRUE
197,A-003047.wav,MB,2F00m,MB-2F00m,0,3,TRUE
198,A-003048.wav,MB,2F00m,MB-2F00m,0,4,TRUE
199,A-003049.wav,MB,2F00m,MB-2F00m,0,5,TRUE
200,A-004000.wav,MB,2F06m,MB-2F06m,0,1,TRUE
201,A-004001.wav,MB,2F06m,MB-2F06m,0,2,TRUE
202,A-004002.wav,MB,2F06m,MB-2F06m,0,3,TRUE
203,A-004003.wav,MB,2F06m,MB-2F06m,0,4,TRUE
204,A-004004.wav,MB,2F06m,MB-2F06m,0,5,TRUE
205,A-004005.wav,MB,2F06m,MB-2F06m,0,1,TRUE
206,A-004006.wav,MB,2F06m,MB-2F06m,0,2,TRUE
207,A-004007.wav,MB,2F06m,MB-2F06m,0,3,TRUE
208,A-004008.wav,MB,2F06m,MB-2F06m,0,4,TRUE
209,A-004009.wav,MB,2F06m,MB-2F06m,0,5,TRUE
210,A-004010.wav,MB,2F06m,MB-2F06m,0,1,TRUE
211,A-004011.wav,MB,2F06m,MB-2F06m,0,2,TRUE
212,A-004012.wav,MB,2F06m,MB-2F06m,0,3,TRUE
213,A-004013.wav,MB,2F06m,MB-2F06m,0,4,TRUE
214,A-004014.wav,MB,2F06m,MB-2F06m,0,5,TRUE
215,A-004015.wav,MB,2F06m,MB-2F06m,0,1,TRUE
216,A-004016.wav,MB,2F06m,MB-2F06m,0,2,TRUE
217,A-004017.wav,MB,2F06m,MB-2F06m,0,3,TRUE
218,A-004018.wav,MB,2F06m,MB-2F06m,0,4,TRUE
219,A-004019.wav,MB,2F06m,MB-2F06m,0,5,TRUE
220,A-004020.wav,MB,2F06m,MB-2F06m,0,1,TRUE
221,A-004021.wav,MB,2F06m,MB-2F06m,0,2,TRUE
222,A-004022.wav,MB,2F06m,MB-2F06m,0,3,TRUE
223,A-004023.wav,MB,2F06m,MB-2F06m,0,4,TRUE
224,A-004024.wav,MB,2F06m,MB-2F06m,0,5,TRUE
225,A-004025.wav,MB,2F06m,MB-2F06m,0,1,TRUE
226,A-004026.wav,MB,2F06m,MB-2F06m,0,2,TRUE
227,A-004027.wav,MB,2F06m,MB-2F06m,0,3,TRUE
228,A-004028.wav,MB,2F06m,MB-2F06m,0,4,TRUE
229,A-004029.wav,MB,2F06m,MB-2F06m,0,5,TRUE
230,A-004030.wav,MB,2F06m,MB-2F06m,0,1,TRUE
231,A-004031.wav,MB,2F06m,MB-2F06m,0,2,TRUE
232,A-004032.wav,MB,2F06m,MB-2F06m,0,3,TRUE
233,A-004033.wav,MB,2F06m,MB-2F06m,0,4,TRUE
234,A-004034.wav,MB,2F06m,MB-2F06m,0,5,TRUE
235,A-004035.wav,MB,2F06m,MB-2F06m,0,1,TRUE
236,A-004036.wav,MB,2F06m,MB-2F06m,0,2,TRUE
237,A-004037.wav,MB,2F06m,MB-2F06m,0,3,TRUE
238,A-004038.wav,MB,2F06m,MB-2F06m,0,4,TRUE
239,A-004039.wav,MB,2F06m,MB-2F06m,0,5,TRUE
240,A-004040.wav,MB,2F06m,MB-2F06m,0,1,TRUE
241,A-004041.wav,MB,2F06m,MB-2F06m,0,2,TRUE
242,A-004042.wav,MB,2F06m,MB-2F06m,0,3,TRUE
243,A-004043.wav,MB,2F06m,MB-2F06m,0,4,TRUE
244,A-004044.wav,MB,2F06m,MB-2F06m,0,5,TRUE
245,A-004045.wav,MB,2F06m,MB-2F06m,0,1,TRUE
246,A-004046.wav,MB,2F06m,MB-2F06m,0,2,TRUE
247,A-004047.wav,MB,2F06m,MB-2F06m,0,3,TRUE
248,A-004048.wav,MB,2F06m,MB-2F06m,0,4,TRUE
249,A-004049.wav,MB,2F06m,MB-2F06m,0,5,TRUE
250,A-005000.wav,MB,2F12m,MB-2F12m,0,1,TRUE
251,A-005001.wav,MB,2F12m,MB-2F12m,0,2,TRUE
252,A-005002.wav,MB,2F12m,MB-2F12m,0,3,TRUE
253,A-005003.wav,MB,2F12m,MB-2F12m,0,4,TRUE
254,A-005004.wav,MB,2F12m,MB-2F12m,0,5,TRUE
255,A-005005.wav,MB,2F12m,MB-2F12m,0,1,TRUE
256,A-005006.wav,MB,2F12m,MB-2F12m,0,2,TRUE
257,A-005007.wav,MB,2F12m,MB-2F12m,0,3,TRUE
258,A-005008.wav,MB,2F12m,MB-2F12m,0,4,TRUE
259,A-005009.wav,MB,2F12m,MB-2F12m,0,5,TRUE
260,A-005010.wav,MB,2F12m,MB-2F12m,0,1,TRUE
261,A-005011.wav,MB,2F12m,MB-2F12m,0,2,TRUE
262,A-005012.wav,MB,2F12m,MB-2F12m,0,3,TRUE
263,A-005013.wav,MB,2F12m,MB-2F12m,0,4,TRUE
264,A-005014.wav,MB,2F12m,MB-2F12m,0,5,TRUE
265,A-005015.wav,MB,2F12m,MB-2F12m,0,1,TRUE
266,A-005016.wav,MB,2F12m,MB-2F12m,0,2,TRUE
267,A-005017.wav,MB,2F12m,MB-2F12m,0,3,TRUE
268,A-005018.wav,MB,2F12m,MB-2F12m,0,4,TRUE
269,A-005019.wav,MB,2F12m,MB-2F12m,0,5,TRUE
270,A-005020.wav,MB,2F12m,MB-2F12m,0,1,TRUE
271,A-005021.wav,MB,2F12m,MB-2F12m,0,2,TRUE
272,A-005022.wav,MB,2F12m,MB-2F12m,0,3,TRUE
273,A-005023.wav,MB,2F12m,MB-2F12m,0,4,TRUE
274,A-005024.wav,MB,2F12m,MB-2F12m,0,5,TRUE
275,A-005025.wav,MB,2F12m,MB-2F12m,0,1,TRUE
276,A-005026.wav,MB,2F12m,MB-2F12m,0,2,TRUE
277,A-005027.wav,MB,2F12m,MB-2F12m,0,3,TRUE
278,A-005028.wav,MB,2F12m,MB-2F12m,0,4,TRUE
279,A-005029.wav,MB,2F12m,MB-2F12m,0,5,TRUE
280,A-005030.wav,MB,2F12m,MB-2F12m,0,1,TRUE
281,A-005031.wav,MB,2F12m,MB-2F12m,0,2,TRUE
282,A-005032.wav,MB,2F12m,MB-2F12m,0,3,TRUE
283,A-005033.wav,MB,2F12m,MB-2F12m,0,4,TRUE
284,A-005034.wav,MB,2F12m,MB-2F12m,0,5,TRUE
285,A-005035.wav,MB,2F12m,MB-2F12m,0,1,TRUE
286,A-005036.wav,MB,2F12m,MB-2F12m,0,2,TRUE
287,A-005037.wav,MB,2F12m,MB-2F12m,0,3,TRUE
288,A-005038.wav,MB,2F12m,MB-2F12m,0,4,TRUE
289,A-005039.wav,MB,2F12m,MB-2F12m,0,5,TRUE
290,A-005040.wav,MB,2F12m,MB-2F12m,0,1,TRUE
291,A-005041.wav,MB,2F12m,MB-2F12m,0,2,TRUE
292,A-005042.wav,MB,2F12m,MB-2F12m,0,3,TRUE
293,A-005043.wav,MB,2F12m,MB-2F12m,0,4,TRUE
294,A-005044.wav,MB,2F12m,MB-2F12m,0,5,TRUE
295,A-005045.wav,MB,2F12m,MB-2F12m,0,1,TRUE
296,A-005046.wav,MB,2F12m,MB-2F12m,0,2,TRUE
297,A-005047.wav,MB,2F12m,MB-2F12m,0,3,TRUE
298,A-005048.wav,MB,2F12m,MB-2F12m,0,4,TRUE
299,A-005049.wav,MB,2F12m,MB-2F12m,0,5,TRUE
300,A-009000.wav,HD,1F00m,HD-1F00m,-1,1,TRUE
301,A-009001.wav,HD,1F00m,HD-1F00m,-1,2,TRUE
302,A-009002.wav,HD,1F00m,HD-1F00m,-1,3,TRUE
303,A-009003.wav,HD,1F00m,HD-1F00m,-1,4,TRUE
304,A-009004.wav,HD,1F00m,HD-1F00m,-1,5,TRUE
305,A-009005.wav,HD,1F00m,HD-1F00m,-1,1,TRUE
306,A-009006.wav,HD,1F00m,HD-1F00m,-1,2,TRUE
307,A-009007.wav,HD,1F00m,HD-1F00m,-1,3,TRUE
308,A-009008.wav,HD,1F00m,HD-1F00m,-1,4,TRUE
309,A-009009.wav,HD,1F00m,HD-1F00m,-1,5,TRUE
310,A-009010.wav,HD,1F00m,HD-1F00m,-1,1,TRUE
311,A-009011.wav,HD,1F00m,HD-1F00m,-1,2,TRUE
312,A-009012.wav,HD,1F00m,HD-1F00m,-1,3,TRUE
313,A-009013.wav,HD,1F00m,HD-1F00m,-1,4,TRUE
314,A-009014.wav,HD,1F00m,HD-1F00m,-1,5,TRUE
315,A-009015.wav,HD,1F00m,HD-1F00m,-1,1,TRUE
316,A-009016.wav,HD,1F00m,HD-1F00m,-1,2,TRUE
317,A-009017.wav,HD,1F00m,HD-1F00m,-1,3,TRUE
318,A-009018.wav,HD,1F00m,HD-1F00m,-1,4,TRUE
319,A-009019.wav,HD,1F00m,HD-1F00m,-1,5,TRUE
320,A-009020.wav,HD,1F00m,HD-1F00m,-1,1,TRUE
321,A-009021.wav,HD,1F00m,HD-1F00m,-1,2,TRUE
322,A-009022.wav,HD,1F00m,HD-1F00m,-1,3,TRUE
323,A-009023.wav,HD,1F00m,HD-1F00m,-1,4,TRUE
324,A-009024.wav,HD,1F00m,HD-1F00m,-1,5,TRUE
325,A-009025.wav,HD,1F00m,HD-1F00m,-1,1,TRUE
326,A-009026.wav,HD,1F00m,HD-1F00m,-1,2,TRUE
327,A-009027.wav,HD,1F00m,HD-1F00m,-1,3,TRUE
328,A-009028.wav,HD,1F00m,HD-1F00m,-1,4,TRUE
329,A-009029.wav,HD,1F00m,HD-1F00m,-1,5,TRUE
330,A-009030.wav,HD,1F00m,HD-1F00m,-1,1,TRUE
331,A-009031.wav,HD,1F00m,HD-1F00m,-1,2,TRUE
332,A-009032.wav,HD,1F00m,HD-1F00m,-1,3,TRUE
333,A-009033.wav,HD,1F00m,HD-1F00m,-1,4,TRUE
334,A-009034.wav,HD,1F00m,HD-1F00m,-1,5,TRUE
335,A-009035.wav,HD,1F00m,HD-1F00m,-1,1,TRUE
336,A-009036.wav,HD,1F00m,HD-1F00m,-1,2,TRUE
337,A-009037.wav,HD,1F00m,HD-1F00m,-1,3,TRUE
338,A-009038.wav,HD,1F00m,HD-1F00m,-1,4,TRUE
339,A-009039.wav,HD,1F00m,HD-1F00m,-1,5,TRUE
340,A-009040.wav,HD,1F00m,HD-1F00m,-1,1,TRUE
341,A-009041.wav,HD,1F00m,HD-1F00m,-1,2,TRUE
342,A-009042.wav,HD,1F00m,HD-1F00m,-1,3,TRUE
343,A-009043.wav,HD,1F00m,HD-1F00m,-1,4,TRUE
344,A-009044.wav,HD,1F00m,HD-1F00m,-1,5,TRUE
345,A-009045.wav,HD,1F00m,HD-1F00m,-1,1,TRUE
346,A-009046.wav,HD,1F00m,HD-1F00m,-1,2,TRUE
347,A-009047.wav,HD,1F00m,HD-1F00m,-1,3,TRUE
348,A-009048.wav,HD,1F00m,HD-1F00m,-1,4,TRUE
349,A-009049.wav,HD,1F00m,HD-1F00m,-1,5,TRUE
350,A-010000.wav,HD,1F06m,HD-1F06m,-1,1,TRUE
351,A-010001.wav,HD,1F06m,HD-1F06m,-1,2,TRUE
352,A-010002.wav,HD,1F06m,HD-1F06m,-1,3,TRUE
353,A-010003.wav,HD,1F06m,HD-1F06m,-1,4,TRUE
354,A-010004.wav,HD,1F06m,HD-1F06m,-1,5,TRUE
355,A-010005.wav,HD,1F06m,HD-1F06m,-1,1,TRUE
356,A-010006.wav,HD,1F06m,HD-1F06m,-1,2,TRUE
357,A-010007.wav,HD,1F06m,HD-1F06m,-1,3,TRUE
358,A-010008.wav,HD,1F06m,HD-1F06m,-1,4,TRUE
359,A-010009.wav,HD,1F06m,HD-1F06m,-1,5,TRUE
360,A-010010.wav,HD,1F06m,HD-1F06m,-1,1,TRUE
361,A-010011.wav,HD,1F06m,HD-1F06m,-1,2,TRUE
362,A-010012.wav,HD,1F06m,HD-1F06m,-1,3,TRUE
363,A-010013.wav,HD,1F06m,HD-1F06m,-1,4,TRUE
364,A-010014.wav,HD,1F06m,HD-1F06m,-1,5,TRUE
365,A-010015.wav,HD,1F06m,HD-1F06m,-1,1,TRUE
366,A-010016.wav,HD,1F06m,HD-1F06m,-1,2,TRUE
367,A-010017.wav,HD,1F06m,HD-1F06m,-1,3,TRUE
368,A-010018.wav,HD,1F06m,HD-1F06m,-1,4,TRUE
369,A-010019.wav,HD,1F06m,HD-1F06m,-1,5,TRUE
370,A-010020.wav,HD,1F06m,HD-1F06m,-1,1,TRUE
371,A-010021.wav,HD,1F06m,HD-1F06m,-1,2,TRUE
372,A-010022.wav,HD,1F06m,HD-1F06m,-1,3,TRUE
373,A-010023.wav,HD,1F06m,HD-1F06m,-1,4,TRUE
374,A-010024.wav,HD,1F06m,HD-1F06m,-1,5,TRUE
375,A-010025.wav,HD,1F06m,HD-1F06m,-1,1,TRUE
376,A-010026.wav,HD,1F06m,HD-1F06m,-1,2,TRUE
377,A-010027.wav,HD,1F06m,HD-1F06m,-1,3,TRUE
378,A-010028.wav,HD,1F06m,HD-1F06m,-1,4,TRUE
379,A-010029.wav,HD,1F06m,HD-1F06m,-1,5,TRUE
380,A-010030.wav,HD,1F06m,HD-1F06m,-1,1,TRUE
381,A-010031.wav,HD,1F06m,HD-1F06m,-1,2,TRUE
382,A-010032.wav,HD,1F06m,HD-1F06m,-1,3,TRUE
383,A-010033.wav,HD,1F06m,HD-1F06m,-1,4,TRUE
384,A-010034.wav,HD,1F06m,HD-1F06m,-1,5,TRUE
385,A-010035.wav,HD,1F06m,HD-1F06m,-1,1,TRUE
386,A-010036.wav,HD,1F06m,HD-1F06m,-1,2,TRUE
387,A-010037.wav,HD,1F06m,HD-1F06m,-1,3,TRUE
388,A-010038.wav,HD,1F06m,HD-1F06m,-1,4,TRUE
389,A-010039.wav,HD,1F06m,HD-1F06m,-1,5,TRUE
390,A-010040.wav,HD,1F06m,HD-1F06m,-1,1,TRUE
391,A-010041.wav,HD,1F06m,HD-1F06m,-1,2,TRUE
392,A-010042.wav,HD,1F06m,HD-1F06m,-1,3,TRUE
393,A-010043.wav,HD,1F06m,HD-1F06m,-1,4,TRUE
394,A-010044.wav,HD,1F06m,HD-1F06m,-1,5,TRUE
395,A-010045.wav,HD,1F06m,HD-1F06m,-1,1,TRUE
396,A-010046.wav,HD,1F06m,HD-1F06m,-1,2,TRUE
397,A-010047.wav,HD,1F06m,HD-1F06m,-1,3,TRUE
398,A-010048.wav,HD,1F06m,HD-1F06m,-1,4,TRUE
399,A-010049.wav,HD,1F06m,HD-1F06m,-1,5,TRUE
400,A-011000.wav,HD,1F12m,HD-1F12m,-1,1,TRUE
401,A-011001.wav,HD,1F12m,HD-1F12m,-1,2,TRUE
402,A-011002.wav,HD,1F12m,HD-1F12m,-1,3,TRUE
403,A-011003.wav,HD,1F12m,HD-1F12m,-1,4,TRUE
404,A-011004.wav,HD,1F12m,HD-1F12m,-1,5,TRUE
405,A-011005.wav,HD,1F12m,HD-1F12m,-1,1,TRUE
406,A-011006.wav,HD,1F12m,HD-1F12m,-1,2,TRUE
407,A-011007.wav,HD,1F12m,HD-1F12m,-1,3,TRUE
408,A-011008.wav,HD,1F12m,HD-1F12m,-1,4,TRUE
409,A-011009.wav,HD,1F12m,HD-1F12m,-1,5,TRUE
410,A-011010.wav,HD,1F12m,HD-1F12m,-1,1,TRUE
411,A-011011.wav,HD,1F12m,HD-1F12m,-1,2,TRUE
412,A-011012.wav,HD,1F12m,HD-1F12m,-1,3,TRUE
413,A-011013.wav,HD,1F12m,HD-1F12m,-1,4,TRUE
414,A-011014.wav,HD,1F12m,HD-1F12m,-1,5,TRUE
415,A-011015.wav,HD,1F12m,HD-1F12m,-1,1,TRUE
416,A-011016.wav,HD,1F12m,HD-1F12m,-1,2,TRUE
417,A-011017.wav,HD,1F12m,HD-1F12m,-1,3,TRUE
418,A-011018.wav,HD,1F12m,HD-1F12m,-1,4,TRUE
419,A-011019.wav,HD,1F12m,HD-1F12m,-1,5,TRUE
420,A-011020.wav,HD,1F12m,HD-1F12m,-1,1,TRUE
421,A-011021.wav,HD,1F12m,HD-1F12m,-1,2,TRUE
422,A-011022.wav,HD,1F12m,HD-1F12m,-1,3,TRUE
423,A-011023.wav,HD,1F12m,HD-1F12m,-1,4,TRUE
424,A-011024.wav,HD,1F12m,HD-1F12m,-1,5,TRUE
425,A-011025.wav,HD,1F12m,HD-1F12m,-1,1,TRUE
426,A-011026.wav,HD,1F12m,HD-1F12m,-1,2,TRUE
427,A-011027.wav,HD,1F12m,HD-1F12m,-1,3,TRUE
428,A-011028.wav,HD,1F12m,HD-1F12m,-1,4,TRUE
429,A-011029.wav,HD,1F12m,HD-1F12m,-1,5,TRUE
430,A-011030.wav,HD,1F12m,HD-1F12m,-1,1,TRUE
431,A-011031.wav,HD,1F12m,HD-1F12m,-1,2,TRUE
432,A-011032.wav,HD,1F12m,HD-1F12m,-1,3,TRUE
433,A-011033.wav,HD,1F12m,HD-1F12m,-1,4,TRUE
434,A-011034.wav,HD,1F12m,HD-1F12m,-1,5,TRUE
435,A-011035.wav,HD,1F12m,HD-1F12m,-1,1,TRUE
436,A-011036.wav,HD,1F12m,HD-1F12m,-1,2,TRUE
437,A-011037.wav,HD,1F12m,HD-1F12m,-1,3,TRUE
438,A-011038.wav,HD,1F12m,HD-1F12m,-1,4,TRUE
439,A-011039.wav,HD,1F12m,HD-1F12m,-1,5,TRUE
440,A-011040.wav,HD,1F12m,HD-1F12m,-1,1,TRUE
441,A-011041.wav,HD,1F12m,HD-1F12m,-1,2,TRUE
442,A-011042.wav,HD,1F12m,HD-1F12m,-1,3,TRUE
443,A-011043.wav,HD,1F12m,HD-1F12m,-1,4,TRUE
444,A-011044.wav,HD,1F12m,HD-1F12m,-1,5,TRUE
445,A-011045.wav,HD,1F12m,HD-1F12m,-1,1,TRUE
446,A-011046.wav,HD,1F12m,HD-1F12m,-1,2,TRUE
447,A-011047.wav,HD,1F12m,HD-1F12m,-1,3,TRUE
448,A-011048.wav,HD,1F12m,HD-1F12m,-1,4,TRUE
449,A-011049.wav,HD,1F12m,HD-1F12m,-1,5,TRUE
450,A-012000.wav,HD,2F00m,HD-2F00m,0,1,TRUE
451,A-012001.wav,HD,2F00m,HD-2F00m,0,2,TRUE
452,A-012002.wav,HD,2F00m,HD-2F00m,0,3,TRUE
453,A-012003.wav,HD,2F00m,HD-2F00m,0,4,TRUE
454,A-012004.wav,HD,2F00m,HD-2F00m,0,5,TRUE
455,A-012005.wav,HD,2F00m,HD-2F00m,0,1,TRUE
456,A-012006.wav,HD,2F00m,HD-2F00m,0,2,TRUE
457,A-012007.wav,HD,2F00m,HD-2F00m,0,3,TRUE
458,A-012008.wav,HD,2F00m,HD-2F00m,0,4,TRUE
459,A-012009.wav,HD,2F00m,HD-2F00m,0,5,TRUE
460,A-012010.wav,HD,2F00m,HD-2F00m,0,1,TRUE
461,A-012011.wav,HD,2F00m,HD-2F00m,0,2,TRUE
462,A-012012.wav,HD,2F00m,HD-2F00m,0,3,TRUE
463,A-012013.wav,HD,2F00m,HD-2F00m,0,4,TRUE
464,A-012014.wav,HD,2F00m,HD-2F00m,0,5,TRUE
465,A-012015.wav,HD,2F00m,HD-2F00m,0,1,TRUE
466,A-012016.wav,HD,2F00m,HD-2F00m,0,2,TRUE
467,A-012017.wav,HD,2F00m,HD-2F00m,0,3,TRUE
468,A-012018.wav,HD,2F00m,HD-2F00m,0,4,TRUE
469,A-012019.wav,HD,2F00m,HD-2F00m,0,5,TRUE
470,A-012020.wav,HD,2F00m,HD-2F00m,0,1,TRUE
471,A-012021.wav,HD,2F00m,HD-2F00m,0,2,TRUE
472,A-012022.wav,HD,2F00m,HD-2F00m,0,3,TRUE
473,A-012023.wav,HD,2F00m,HD-2F00m,0,4,TRUE
474,A-012024.wav,HD,2F00m,HD-2F00m,0,5,TRUE
475,A-012025.wav,HD,2F00m,HD-2F00m,0,1,TRUE
476,A-012026.wav,HD,2F00m,HD-2F00m,0,2,TRUE
477,A-012027.wav,HD,2F00m,HD-2F00m,0,3,TRUE
478,A-012028.wav,HD,2F00m,HD-2F00m,0,4,TRUE
479,A-012029.wav,HD,2F00m,HD-2F00m,0,5,TRUE
480,A-012030.wav,HD,2F00m,HD-2F00m,0,1,TRUE
481,A-012031.wav,HD,2F00m,HD-2F00m,0,2,TRUE
482,A-012032.wav,HD,2F00m,HD-2F00m,0,3,TRUE
483,A-012033.wav,HD,2F00m,HD-2F00m,0,4,TRUE
484,A-012034.wav,HD,2F00m,HD-2F00m,0,5,TRUE
485,A-012035.wav,HD,2F00m,HD-2F00m,0,1,TRUE
486,A-012036.wav,HD,2F00m,HD-2F00m,0,2,TRUE
487,A-012037.wav,HD,2F00m,HD-2F00m,0,3,TRUE
488,A-012038.wav,HD,2F00m,HD-2F00m,0,4,TRUE
489,A-012039.wav,HD,2F00m,HD-2F00m,0,5,TRUE
490,A-012040.wav,HD,2F00m,HD-2F00m,0,1,TRUE
491,A-012041.wav,HD,2F00m,HD-2F00m,0,2,TRUE
492,A-012042.wav,HD,2F00m,HD-2F00m,0,3,TRUE
493,A-012043.wav,HD,2F00m,HD-2F00m,0,4,TRUE
494,A-012044.wav,HD,2F00m,HD-2F00m,0,5,TRUE
495,A-012045.wav,HD,2F00m,HD-2F00m,0,1,TRUE
496,A-012046.wav,HD,2F00m,HD-2F00m,0,2,TRUE
497,A-012047.wav,HD,2F00m,HD-2F00m,0,3,TRUE
498,A-012048.wav,HD,2F00m,HD-2F00m,0,4,TRUE
499,A-012049.wav,HD,2F00m,HD-2F00m,0,5,TRUE
500,A-013000.wav,HD,2F06m,HD-2F06m,0,1,TRUE
501,A-013001.wav,HD,2F06m,HD-2F06m,0,2,TRUE
502,A-013002.wav,HD,2F06m,HD-2F06m,0,3,TRUE
503,A-013003.wav,HD,2F06m,HD-2F06m,0,4,TRUE
504,A-013004.wav,HD,2F06m,HD-2F06m,0,5,TRUE
505,A-013005.wav,HD,2F06m,HD-2F06m,0,1,TRUE
506,A-013006.wav,HD,2F06m,HD-2F06m,0,2,TRUE
507,A-013007.wav,HD,2F06m,HD-2F06m,0,3,TRUE
508,A-013008.wav,HD,2F06m,HD-2F06m,0,4,TRUE
509,A-013009.wav,HD,2F06m,HD-2F06m,0,5,TRUE
510,A-013010.wav,HD,2F06m,HD-2F06m,0,1,TRUE
511,A-013011.wav,HD,2F06m,HD-2F06m,0,2,TRUE
512,A-013012.wav,HD,2F06m,HD-2F06m,0,3,TRUE
513,A-013013.wav,HD,2F06m,HD-2F06m,0,4,TRUE
514,A-013014.wav,HD,2F06m,HD-2F06m,0,5,TRUE
515,A-013015.wav,HD,2F06m,HD-2F06m,0,1,TRUE
516,A-013016.wav,HD,2F06m,HD-2F06m,0,2,TRUE
517,A-013017.wav,HD,2F06m,HD-2F06m,0,3,TRUE
518,A-013018.wav,HD,2F06m,HD-2F06m,0,4,TRUE
519,A-013019.wav,HD,2F06m,HD-2F06m,0,5,TRUE
520,A-013020.wav,HD,2F06m,HD-2F06m,0,1,TRUE
521,A-013021.wav,HD,2F06m,HD-2F06m,0,2,TRUE
522,A-013022.wav,HD,2F06m,HD-2F06m,0,3,TRUE
523,A-013023.wav,HD,2F06m,HD-2F06m,0,4,TRUE
524,A-013024.wav,HD,2F06m,HD-2F06m,0,5,TRUE
525,A-013025.wav,HD,2F06m,HD-2F06m,0,1,TRUE
526,A-013026.wav,HD,2F06m,HD-2F06m,0,2,TRUE
527,A-013027.wav,HD,2F06m,HD-2F06m,0,3,TRUE
528,A-013028.wav,HD,2F06m,HD-2F06m,0,4,TRUE
529,A-013029.wav,HD,2F06m,HD-2F06m,0,5,TRUE
530,A-013030.wav,HD,2F06m,HD-2F06m,0,1,TRUE
531,A-013031.wav,HD,2F06m,HD-2F06m,0,2,TRUE
532,A-013032.wav,HD,2F06m,HD-2F06m,0,3,TRUE
533,A-013033.wav,HD,2F06m,HD-2F06m,0,4,TRUE
534,A-013034.wav,HD,2F06m,HD-2F06m,0,5,TRUE
535,A-013035.wav,HD,2F06m,HD-2F06m,0,1,TRUE
536,A-013036.wav,HD,2F06m,HD-2F06m,0,2,TRUE
537,A-013037.wav,HD,2F06m,HD-2F06m,0,3,TRUE
538,A-013038.wav,HD,2F06m,HD-2F06m,0,4,TRUE
539,A-013039.wav,HD,2F06m,HD-2F06m,0,5,TRUE
540,A-013040.wav,HD,2F06m,HD-2F06m,0,1,TRUE
541,A-013041.wav,HD,2F06m,HD-2F06m,0,2,TRUE
542,A-013042.wav,HD,2F06m,HD-2F06m,0,3,TRUE
543,A-013043.wav,HD,2F06m,HD-2F06m,0,4,TRUE
544,A-013044.wav,HD,2F06m,HD-2F06m,0,5,TRUE
545,A-013045.wav,HD,2F06m,HD-2F06m,0,1,TRUE
546,A-013046.wav,HD,2F06m,HD-2F06m,0,2,TRUE
547,A-013047.wav,HD,2F06m,HD-2F06m,0,3,TRUE
548,A-013048.wav,HD,2F06m,HD-2F06m,0,4,TRUE
549,A-013049.wav,HD,2F06m,HD-2F06m,0,5,TRUE
550,A-014000.wav,HD,2F12m,HD-2F12m,0,1,TRUE
551,A-014001.wav,HD,2F12m,HD-2F12m,0,2,TRUE
552,A-014002.wav,HD,2F12m,HD-2F12m,0,3,TRUE
553,A-014003.wav,HD,2F12m,HD-2F12m,0,4,TRUE
554,A-014004.wav,HD,2F12m,HD-2F12m,0,5,TRUE
555,A-014005.wav,HD,2F12m,HD-2F12m,0,1,TRUE
556,A-014006.wav,HD,2F12m,HD-2F12m,0,2,TRUE
557,A-014007.wav,HD,2F12m,HD-2F12m,0,3,TRUE
558,A-014008.wav,HD,2F12m,HD-2F12m,0,4,TRUE
559,A-014009.wav,HD,2F12m,HD-2F12m,0,5,TRUE
560,A-014010.wav,HD,2F12m,HD-2F12m,0,1,TRUE
561,A-014011.wav,HD,2F12m,HD-2F12m,0,2,TRUE
562,A-014012.wav,HD,2F12m,HD-2F12m,0,3,TRUE
563,A-014013.wav,HD,2F12m,HD-2F12m,0,4,TRUE
564,A-014014.wav,HD,2F12m,HD-2F12m,0,5,TRUE
565,A-014015.wav,HD,2F12m,HD-2F12m,0,1,TRUE
566,A-014016.wav,HD,2F12m,HD-2F12m,0,2,TRUE
567,A-014017.wav,HD,2F12m,HD-2F12m,0,3,TRUE
568,A-014018.wav,HD,2F12m,HD-2F12m,0,4,TRUE
569,A-014019.wav,HD,2F12m,HD-2F12m,0,5,TRUE
570,A-014020.wav,HD,2F12m,HD-2F12m,0,1,TRUE
571,A-014021.wav,HD,2F12m,HD-2F12m,0,2,TRUE
572,A-014022.wav,HD,2F12m,HD-2F12m,0,3,TRUE
573,A-014023.wav,HD,2F12m,HD-2F12m,0,4,TRUE
574,A-014024.wav,HD,2F12m,HD-2F12m,0,5,TRUE
575,A-014025.wav,HD,2F12m,HD-2F12m,0,1,TRUE
576,A-014026.wav,HD,2F12m,HD-2F12m,0,2,TRUE
577,A-014027.wav,HD,2F12m,HD-2F12m,0,3,TRUE
578,A-014028.wav,HD,2F12m,HD-2F12m,0,4,TRUE
579,A-014029.wav,HD,2F12m,HD-2F12m,0,5,TRUE
580,A-014030.wav,HD,2F12m,HD-2F12m,0,1,TRUE
581,A-014031.wav,HD,2F12m,HD-2F12m,0,2,TRUE
582,A-014032.wav,HD,2F12m,HD-2F12m,0,3,TRUE
583,A-014033.wav,HD,2F12m,HD-2F12m,0,4,TRUE
584,A-014034.wav,HD,2F12m,HD-2F12m,0,5,TRUE
585,A-014035.wav,HD,2F12m,HD-2F12m,0,1,TRUE
586,A-014036.wav,HD,2F12m,HD-2F12m,0,2,TRUE
587,A-014037.wav,HD,2F12m,HD-2F12m,0,3,TRUE
588,A-014038.wav,HD,2F12m,HD-2F12m,0,4,TRUE
589,A-014039.wav,HD,2F12m,HD-2F12m,0,5,TRUE
590,A-014040.wav,HD,2F12m,HD-2F12m,0,1,TRUE
591,A-014041.wav,HD,2F12m,HD-2F12m,0,2,TRUE
592,A-014042.wav,HD,2F12m,HD-2F12m,0,3,TRUE
593,A-014043.wav,HD,2F12m,HD-2F12m,0,4,TRUE
594,A-014044.wav,HD,2F12m,HD-2F12m,0,5,TRUE
595,A-014045.wav,HD,2F12m,HD-2F12m,0,1,TRUE
596,A-014046.wav,HD,2F12m,HD-2F12m,0,2,TRUE
597,A-014047.wav,HD,2F12m,HD-2F12m,0,3,TRUE
598,A-014048.wav,HD,2F12m,HD-2F12m,0,4,TRUE
599,A-014049.wav,HD,2F12m,HD-2F12m,0,5,TRUE
600,A-015000.wav,HD,3F00m,HD-3F00m,1,1,TRUE
601,A-015001.wav,HD,3F00m,HD-3F00m,1,2,TRUE
602,A-015002.wav,HD,3F00m,HD-3F00m,1,3,TRUE
603,A-015003.wav,HD,3F00m,HD-3F00m,1,4,TRUE
604,A-015004.wav,HD,3F00m,HD-3F00m,1,5,TRUE
605,A-015005.wav,HD,3F00m,HD-3F00m,1,1,TRUE
606,A-015006.wav,HD,3F00m,HD-3F00m,1,2,TRUE
607,A-015007.wav,HD,3F00m,HD-3F00m,1,3,TRUE
608,A-015008.wav,HD,3F00m,HD-3F00m,1,4,TRUE
609,A-015009.wav,HD,3F00m,HD-3F00m,1,5,TRUE
610,A-015010.wav,HD,3F00m,HD-3F00m,1,1,TRUE
611,A-015011.wav,HD,3F00m,HD-3F00m,1,2,TRUE
612,A-015012.wav,HD,3F00m,HD-3F00m,1,3,TRUE
613,A-015013.wav,HD,3F00m,HD-3F00m,1,4,TRUE
614,A-015014.wav,HD,3F00m,HD-3F00m,1,5,TRUE
615,A-015015.wav,HD,3F00m,HD-3F00m,1,1,TRUE
616,A-015016.wav,HD,3F00m,HD-3F00m,1,2,TRUE
617,A-015017.wav,HD,3F00m,HD-3F00m,1,3,TRUE
618,A-015018.wav,HD,3F00m,HD-3F00m,1,4,TRUE
619,A-015019.wav,HD,3F00m,HD-3F00m,1,5,TRUE
620,A-015020.wav,HD,3F00m,HD-3F00m,1,1,TRUE
621,A-015021.wav,HD,3F00m,HD-3F00m,1,2,TRUE
622,A-015022.wav,HD,3F00m,HD-3F00m,1,3,TRUE
623,A-015023.wav,HD,3F00m,HD-3F00m,1,4,TRUE
624,A-015024.wav,HD,3F00m,HD-3F00m,1,5,TRUE
625,A-015025.wav,HD,3F00m,HD-3F00m,1,1,TRUE
626,A-015026.wav,HD,3F00m,HD-3F00m,1,2,TRUE
627,A-015027.wav,HD,3F00m,HD-3F00m,1,3,TRUE
628,A-015028.wav,HD,3F00m,HD-3F00m,1,4,TRUE
629,A-015029.wav,HD,3F00m,HD-3F00m,1,5,TRUE
630,A-015030.wav,HD,3F00m,HD-3F00m,1,1,TRUE
631,A-015031.wav,HD,3F00m,HD-3F00m,1,2,TRUE
632,A-015032.wav,HD,3F00m,HD-3F00m,1,3,TRUE
633,A-015033.wav,HD,3F00m,HD-3F00m,1,4,TRUE
634,A-015034.wav,HD,3F00m,HD-3F00m,1,5,TRUE
635,A-015035.wav,HD,3F00m,HD-3F00m,1,1,TRUE
636,A-015036.wav,HD,3F00m,HD-3F00m,1,2,TRUE
637,A-015037.wav,HD,3F00m,HD-3F00m,1,3,TRUE
638,A-015038.wav,HD,3F00m,HD-3F00m,1,4,TRUE
639,A-015039.wav,HD,3F00m,HD-3F00m,1,5,TRUE
640,A-015040.wav,HD,3F00m,HD-3F00m,1,1,TRUE
641,A-015041.wav,HD,3F00m,HD-3F00m,1,2,TRUE
642,A-015042.wav,HD,3F00m,HD-3F00m,1,3,TRUE
643,A-015043.wav,HD,3F00m,HD-3F00m,1,4,TRUE
644,A-015044.wav,HD,3F00m,HD-3F00m,1,5,TRUE
645,A-015045.wav,HD,3F00m,HD-3F00m,1,1,TRUE
646,A-015046.wav,HD,3F00m,HD-3F00m,1,2,TRUE
647,A-015047.wav,HD,3F00m,HD-3F00m,1,3,TRUE
648,A-015048.wav,HD,3F00m,HD-3F00m,1,4,TRUE
649,A-015049.wav,HD,3F00m,HD-3F00m,1,5,TRUE
650,A-016000.wav,HD,3F06m,HD-3F06m,1,1,TRUE
651,A-016001.wav,HD,3F06m,HD-3F06m,1,2,TRUE
652,A-016002.wav,HD,3F06m,HD-3F06m,1,3,TRUE
653,A-016003.wav,HD,3F06m,HD-3F06m,1,4,TRUE
654,A-016004.wav,HD,3F06m,HD-3F06m,1,5,TRUE
655,A-016005.wav,HD,3F06m,HD-3F06m,1,1,TRUE
656,A-016006.wav,HD,3F06m,HD-3F06m,1,2,TRUE
657,A-016007.wav,HD,3F06m,HD-3F06m,1,3,TRUE
658,A-016008.wav,HD,3F06m,HD-3F06m,1,4,TRUE
659,A-016009.wav,HD,3F06m,HD-3F06m,1,5,TRUE
660,A-016010.wav,HD,3F06m,HD-3F06m,1,1,TRUE
661,A-016011.wav,HD,3F06m,HD-3F06m,1,2,TRUE
662,A-016012.wav,HD,3F06m,HD-3F06m,1,3,TRUE
663,A-016013.wav,HD,3F06m,HD-3F06m,1,4,TRUE
664,A-016014.wav,HD,3F06m,HD-3F06m,1,5,TRUE
665,A-016015.wav,HD,3F06m,HD-3F06m,1,1,TRUE
666,A-016016.wav,HD,3F06m,HD-3F06m,1,2,TRUE
667,A-016017.wav,HD,3F06m,HD-3F06m,1,3,TRUE
668,A-016018.wav,HD,3F06m,HD-3F06m,1,4,TRUE
669,A-016019.wav,HD,3F06m,HD-3F06m,1,5,TRUE
670,A-016020.wav,HD,3F06m,HD-3F06m,1,1,TRUE
671,A-016021.wav,HD,3F06m,HD-3F06m,1,2,TRUE
672,A-016022.wav,HD,3F06m,HD-3F06m,1,3,TRUE
673,A-016023.wav,HD,3F06m,HD-3F06m,1,4,TRUE
674,A-016024.wav,HD,3F06m,HD-3F06m,1,5,TRUE
675,A-016025.wav,HD,3F06m,HD-3F06m,1,1,TRUE
676,A-016026.wav,HD,3F06m,HD-3F06m,1,2,TRUE
677,A-016027.wav,HD,3F06m,HD-3F06m,1,3,TRUE
678,A-016028.wav,HD,3F06m,HD-3F06m,1,4,TRUE
679,A-016029.wav,HD,3F06m,HD-3F06m,1,5,TRUE
680,A-016030.wav,HD,3F06m,HD-3F06m,1,1,TRUE
681,A-016031.wav,HD,3F06m,HD-3F06m,1,2,TRUE
682,A-016032.wav,HD,3F06m,HD-3F06m,1,3,TRUE
683,A-016033.wav,HD,3F06m,HD-3F06m,1,4,TRUE
684,A-016034.wav,HD,3F06m,HD-3F06m,1,5,TRUE
685,A-016035.wav,HD,3F06m,HD-3F06m,1,1,TRUE
686,A-016036.wav,HD,3F06m,HD-3F06m,1,2,TRUE
687,A-016037.wav,HD,3F06m,HD-3F06m,1,3,TRUE
688,A-016038.wav,HD,3F06m,HD-3F06m,1,4,TRUE
689,A-016039.wav,HD,3F06m,HD-3F06m,1,5,TRUE
690,A-016040.wav,HD,3F06m,HD-3F06m,1,1,TRUE
691,A-016041.wav,HD,3F06m,HD-3F06m,1,2,TRUE
692,A-016042.wav,HD,3F06m,HD-3F06m,1,3,TRUE
693,A-016043.wav,HD,3F06m,HD-3F06m,1,4,TRUE
694,A-016044.wav,HD,3F06m,HD-3F06m,1,5,TRUE
695,A-016045.wav,HD,3F06m,HD-3F06m,1,1,TRUE
696,A-016046.wav,HD,3F06m,HD-3F06m,1,2,TRUE
697,A-016047.wav,HD,3F06m,HD-3F06m,1,3,TRUE
698,A-016048.wav,HD,3F06m,HD-3F06m,1,4,TRUE
699,A-016049.wav,HD,3F06m,HD-3F06m,1,5,TRUE
700,A-017000.wav,HD,3F12m,HD-3F12m,1,1,TRUE
701,A-017001.wav,HD,3F12m,HD-3F12m,1,2,TRUE
702,A-017002.wav,HD,3F12m,HD-3F12m,1,3,TRUE
703,A-017003.wav,HD,3F12m,HD-3F12m,1,4,TRUE
704,A-017004.wav,HD,3F12m,HD-3F12m,1,5,TRUE
705,A-017005.wav,HD,3F12m,HD-3F12m,1,1,TRUE
706,A-017006.wav,HD,3F12m,HD-3F12m,1,2,TRUE
707,A-017007.wav,HD,3F12m,HD-3F12m,1,3,TRUE
708,A-017008.wav,HD,3F12m,HD-3F12m,1,4,TRUE
709,A-017009.wav,HD,3F12m,HD-3F12m,1,5,TRUE
710,A-017010.wav,HD,3F12m,HD-3F12m,1,1,TRUE
711,A-017011.wav,HD,3F12m,HD-3F12m,1,2,TRUE
712,A-017012.wav,HD,3F12m,HD-3F12m,1,3,TRUE
713,A-017013.wav,HD,3F12m,HD-3F12m,1,4,TRUE
714,A-017014.wav,HD,3F12m,HD-3F12m,1,5,TRUE
715,A-017015.wav,HD,3F12m,HD-3F12m,1,1,TRUE
716,A-017016.wav,HD,3F12m,HD-3F12m,1,2,TRUE
717,A-017017.wav,HD,3F12m,HD-3F12m,1,3,TRUE
718,A-017018.wav,HD,3F12m,HD-3F12m,1,4,TRUE
719,A-017019.wav,HD,3F12m,HD-3F12m,1,5,TRUE
720,A-017020.wav,HD,3F12m,HD-3F12m,1,1,TRUE
721,A-017021.wav,HD,3F12m,HD-3F12m,1,2,TRUE
722,A-017022.wav,HD,3F12m,HD-3F12m,1,3,TRUE
723,A-017023.wav,HD,3F12m,HD-3F12m,1,4,TRUE
724,A-017024.wav,HD,3F12m,HD-3F12m,1,5,TRUE
725,A-017025.wav,HD,3F12m,HD-3F12m,1,1,TRUE
726,A-017026.wav,HD,3F12m,HD-3F12m,1,2,TRUE
727,A-017027.wav,HD,3F12m,HD-3F12m,1,3,TRUE
728,A-017028.wav,HD,3F12m,HD-3F12m,1,4,TRUE
729,A-017029.wav,HD,3F12m,HD-3F12m,1,5,TRUE
730,A-017030.wav,HD,3F12m,HD-3F12m,1,1,TRUE
731,A-017031.wav,HD,3F12m,HD-3F12m,1,2,TRUE
732,A-017032.wav,HD,3F12m,HD-3F12m,1,3,TRUE
733,A-017033.wav,HD,3F12m,HD-3F12m,1,4,TRUE
734,A-017034.wav,HD,3F12m,HD-3F12m,1,5,TRUE
735,A-017035.wav,HD,3F12m,HD-3F12m,1,1,TRUE
736,A-017036.wav,HD,3F12m,HD-3F12m,1,2,TRUE
737,A-017037.wav,HD,3F12m,HD-3F12m,1,3,TRUE
738,A-017038.wav,HD,3F12m,HD-3F12m,1,4,TRUE
739,A-017039.wav,HD,3F12m,HD-3F12m,1,5,TRUE
740,A-017040.wav,HD,3F12m,HD-3F12m,1,1,TRUE
741,A-017041.wav,HD,3F12m,HD-3F12m,1,2,TRUE
742,A-017042.wav,HD,3F12m,HD-3F12m,1,3,TRUE
743,A-017043.wav,HD,3F12m,HD-3F12m,1,4,TRUE
744,A-017044.wav,HD,3F12m,HD-3F12m,1,5,TRUE
745,A-017045.wav,HD,3F12m,HD-3F12m,1,1,TRUE
746,A-017046.wav,HD,3F12m,HD-3F12m,1,2,TRUE
747,A-017047.wav,HD,3F12m,HD-3F12m,1,3,TRUE
748,A-017048.wav,HD,3F12m,HD-3F12m,1,4,TRUE
749,A-017049.wav,HD,3F12m,HD-3F12m,1,5,TRUE
750,A-018000.wav,HH,1F00m,HH-1F00m,-1,1,TRUE
751,A-018001.wav,HH,1F00m,HH-1F00m,-1,2,TRUE
752,A-018002.wav,HH,1F00m,HH-1F00m,-1,3,TRUE
753,A-018003.wav,HH,1F00m,HH-1F00m,-1,4,TRUE
754,A-018004.wav,HH,1F00m,HH-1F00m,-1,5,TRUE
755,A-018005.wav,HH,1F00m,HH-1F00m,-1,1,TRUE
756,A-018006.wav,HH,1F00m,HH-1F00m,-1,2,TRUE
757,A-018007.wav,HH,1F00m,HH-1F00m,-1,3,TRUE
758,A-018008.wav,HH,1F00m,HH-1F00m,-1,4,TRUE
759,A-018009.wav,HH,1F00m,HH-1F00m,-1,5,TRUE
760,A-018010.wav,HH,1F00m,HH-1F00m,-1,1,TRUE
761,A-018011.wav,HH,1F00m,HH-1F00m,-1,2,TRUE
762,A-018012.wav,HH,1F00m,HH-1F00m,-1,3,TRUE
763,A-018013.wav,HH,1F00m,HH-1F00m,-1,4,TRUE
764,A-018014.wav,HH,1F00m,HH-1F00m,-1,5,TRUE
765,A-018015.wav,HH,1F00m,HH-1F00m,-1,1,TRUE
766,A-018016.wav,HH,1F00m,HH-1F00m,-1,2,TRUE
767,A-018017.wav,HH,1F00m,HH-1F00m,-1,3,TRUE
768,A-018018.wav,HH,1F00m,HH-1F00m,-1,4,TRUE
769,A-018019.wav,HH,1F00m,HH-1F00m,-1,5,TRUE
770,A-018020.wav,HH,1F00m,HH-1F00m,-1,1,TRUE
771,A-018021.wav,HH,1F00m,HH-1F00m,-1,2,TRUE
772,A-018022.wav,HH,1F00m,HH-1F00m,-1,3,TRUE
773,A-018023.wav,HH,1F00m,HH-1F00m,-1,4,TRUE
774,A-018024.wav,HH,1F00m,HH-1F00m,-1,5,TRUE
775,A-018025.wav,HH,1F00m,HH-1F00m,-1,1,TRUE
776,A-018026.wav,HH,1F00m,HH-1F00m,-1,2,TRUE
777,A-018027.wav,HH,1F00m,HH-1F00m,-1,3,TRUE
778,A-018028.wav,HH,1F00m,HH-1F00m,-1,4,TRUE
779,A-018029.wav,HH,1F00m,HH-1F00m,-1,5,TRUE
780,A-018030.wav,HH,1F00m,HH-1F00m,-1,1,TRUE
781,A-018031.wav,HH,1F00m,HH-1F00m,-1,2,TRUE
782,A-018032.wav,HH,1F00m,HH-1F00m,-1,3,TRUE
783,A-018033.wav,HH,1F00m,HH-1F00m,-1,4,TRUE
784,A-018034.wav,HH,1F00m,HH-1F00m,-1,5,TRUE
785,A-018035.wav,HH,1F00m,HH-1F00m,-1,1,TRUE
786,A-018036.wav,HH,1F00m,HH-1F00m,-1,2,TRUE
787,A-018037.wav,HH,1F00m,HH-1F00m,-1,3,TRUE
788,A-018038.wav,HH,1F00m,HH-1F00m,-1,4,TRUE
789,A-018039.wav,HH,1F00m,HH-1F00m,-1,5,TRUE
790,A-018040.wav,HH,1F00m,HH-1F00m,-1,1,TRUE
791,A-018041.wav,HH,1F00m,HH-1F00m,-1,2,TRUE
792,A-018042.wav,HH,1F00m,HH-1F00m,-1,3,TRUE
793,A-018043.wav,HH,1F00m,HH-1F00m,-1,4,TRUE
794,A-018044.wav,HH,1F00m,HH-1F00m,-1,5,TRUE
795,A-018045.wav,HH,1F00m,HH-1F00m,-1,1,TRUE
796,A-018046.wav,HH,1F00m,HH-1F00m,-1,2,TRUE
797,A-018047.wav,HH,1F00m,HH-1F00m,-1,3,TRUE
798,A-018048.wav,HH,1F00m,HH-1F00m,-1,4,TRUE
799,A-018049.wav,HH,1F00m,HH-1F00m,-1,5,TRUE
800,A-019000.wav,HH,1F06m,HH-1F06m,-1,1,TRUE
801,A-019001.wav,HH,1F06m,HH-1F06m,-1,2,TRUE
802,A-019002.wav,HH,1F06m,HH-1F06m,-1,3,TRUE
803,A-019003.wav,HH,1F06m,HH-1F06m,-1,4,TRUE
804,A-019004.wav,HH,1F06m,HH-1F06m,-1,5,TRUE
805,A-019005.wav,HH,1F06m,HH-1F06m,-1,1,TRUE
806,A-019006.wav,HH,1F06m,HH-1F06m,-1,2,TRUE
807,A-019007.wav,HH,1F06m,HH-1F06m,-1,3,TRUE
808,A-019008.wav,HH,1F06m,HH-1F06m,-1,4,TRUE
809,A-019009.wav,HH,1F06m,HH-1F06m,-1,5,TRUE
810,A-019010.wav,HH,1F06m,HH-1F06m,-1,1,TRUE
811,A-019011.wav,HH,1F06m,HH-1F06m,-1,2,TRUE
812,A-019012.wav,HH,1F06m,HH-1F06m,-1,3,TRUE
813,A-019013.wav,HH,1F06m,HH-1F06m,-1,4,TRUE
814,A-019014.wav,HH,1F06m,HH-1F06m,-1,5,TRUE
815,A-019015.wav,HH,1F06m,HH-1F06m,-1,1,TRUE
816,A-019016.wav,HH,1F06m,HH-1F06m,-1,2,TRUE
817,A-019017.wav,HH,1F06m,HH-1F06m,-1,3,TRUE
818,A-019018.wav,HH,1F06m,HH-1F06m,-1,4,TRUE
819,A-019019.wav,HH,1F06m,HH-1F06m,-1,5,TRUE
820,A-019020.wav,HH,1F06m,HH-1F06m,-1,1,TRUE
821,A-019021.wav,HH,1F06m,HH-1F06m,-1,2,TRUE
822,A-019022.wav,HH,1F06m,HH-1F06m,-1,3,TRUE
823,A-019023.wav,HH,1F06m,HH-1F06m,-1,4,TRUE
824,A-019024.wav,HH,1F06m,HH-1F06m,-1,5,TRUE
825,A-019025.wav,HH,1F06m,HH-1F06m,-1,1,TRUE
826,A-019026.wav,HH,1F06m,HH-1F06m,-1,2,TRUE
827,A-019027.wav,HH,1F06m,HH-1F06m,-1,3,TRUE
828,A-019028.wav,HH,1F06m,HH-1F06m,-1,4,TRUE
829,A-019029.wav,HH,1F06m,HH-1F06m,-1,5,TRUE
830,A-019030.wav,HH,1F06m,HH-1F06m,-1,1,TRUE
831,A-019031.wav,HH,1F06m,HH-1F06m,-1,2,TRUE
832,A-019032.wav,HH,1F06m,HH-1F06m,-1,3,TRUE
833,A-019033.wav,HH,1F06m,HH-1F06m,-1,4,TRUE
834,A-019034.wav,HH,1F06m,HH-1F06m,-1,5,TRUE
835,A-019035.wav,HH,1F06m,HH-1F06m,-1,1,TRUE
836,A-019036.wav,HH,1F06m,HH-1F06m,-1,2,TRUE
837,A-019037.wav,HH,1F06m,HH-1F06m,-1,3,TRUE
838,A-019038.wav,HH,1F06m,HH-1F06m,-1,4,TRUE
839,A-019039.wav,HH,1F06m,HH-1F06m,-1,5,TRUE
840,A-019040.wav,HH,1F06m,HH-1F06m,-1,1,TRUE
841,A-019041.wav,HH,1F06m,HH-1F06m,-1,2,TRUE
842,A-019042.wav,HH,1F06m,HH-1F06m,-1,3,TRUE
843,A-019043.wav,HH,1F06m,HH-1F06m,-1,4,TRUE
844,A-019044.wav,HH,1F06m,HH-1F06m,-1,5,TRUE
845,A-019045.wav,HH,1F06m,HH-1F06m,-1,1,TRUE
846,A-019046.wav,HH,1F06m,HH-1F06m,-1,2,TRUE
847,A-019047.wav,HH,1F06m,HH-1F06m,-1,3,TRUE
848,A-019048.wav,HH,1F06m,HH-1F06m,-1,4,TRUE
849,A-019049.wav,HH,1F06m,HH-1F06m,-1,5,TRUE
850,A-020000.wav,HH,1F12m,HH-1F12m,-1,1,TRUE
851,A-020001.wav,HH,1F12m,HH-1F12m,-1,2,TRUE
852,A-020002.wav,HH,1F12m,HH-1F12m,-1,3,TRUE
853,A-020003.wav,HH,1F12m,HH-1F12m,-1,4,TRUE
854,A-020004.wav,HH,1F12m,HH-1F12m,-1,5,TRUE
855,A-020005.wav,HH,1F12m,HH-1F12m,-1,1,TRUE
856,A-020006.wav,HH,1F12m,HH-1F12m,-1,2,TRUE
857,A-020007.wav,HH,1F12m,HH-1F12m,-1,3,TRUE
858,A-020008.wav,HH,1F12m,HH-1F12m,-1,4,TRUE
859,A-020009.wav,HH,1F12m,HH-1F12m,-1,5,TRUE
860,A-020010.wav,HH,1F12m,HH-1F12m,-1,1,TRUE
861,A-020011.wav,HH,1F12m,HH-1F12m,-1,2,TRUE
862,A-020012.wav,HH,1F12m,HH-1F12m,-1,3,TRUE
863,A-020013.wav,HH,1F12m,HH-1F12m,-1,4,TRUE
864,A-020014.wav,HH,1F12m,HH-1F12m,-1,5,TRUE
865,A-020015.wav,HH,1F12m,HH-1F12m,-1,1,TRUE
866,A-020016.wav,HH,1F12m,HH-1F12m,-1,2,TRUE
867,A-020017.wav,HH,1F12m,HH-1F12m,-1,3,TRUE
868,A-020018.wav,HH,1F12m,HH-1F12m,-1,4,TRUE
869,A-020019.wav,HH,1F12m,HH-1F12m,-1,5,TRUE
870,A-020020.wav,HH,1F12m,HH-1F12m,-1,1,TRUE
871,A-020021.wav,HH,1F12m,HH-1F12m,-1,2,TRUE
872,A-020022.wav,HH,1F12m,HH-1F12m,-1,3,TRUE
873,A-020023.wav,HH,1F12m,HH-1F12m,-1,4,TRUE
874,A-020024.wav,HH,1F12m,HH-1F12m,-1,5,TRUE
875,A-020025.wav,HH,1F12m,HH-1F12m,-1,1,TRUE
876,A-020026.wav,HH,1F12m,HH-1F12m,-1,2,TRUE
877,A-020027.wav,HH,1F12m,HH-1F12m,-1,3,TRUE
878,A-020028.wav,HH,1F12m,HH-1F12m,-1,4,TRUE
879,A-020029.wav,HH,1F12m,HH-1F12m,-1,5,TRUE
880,A-020030.wav,HH,1F12m,HH-1F12m,-1,1,TRUE
881,A-020031.wav,HH,1F12m,HH-1F12m,-1,2,TRUE
882,A-020032.wav,HH,1F12m,HH-1F12m,-1,3,TRUE
883,A-020033.wav,HH,1F12m,HH-1F12m,-1,4,TRUE
884,A-020034.wav,HH,1F12m,HH-1F12m,-1,5,TRUE
885,A-020035.wav,HH,1F12m,HH-1F12m,-1,1,TRUE
886,A-020036.wav,HH,1F12m,HH-1F12m,-1,2,TRUE
887,A-020037.wav,HH,1F12m,HH-1F12m,-1,3,TRUE
888,A-020038.wav,HH,1F12m,HH-1F12m,-1,4,TRUE
889,A-020039.wav,HH,1F12m,HH-1F12m,-1,5,TRUE
890,A-020040.wav,HH,1F12m,HH-1F12m,-1,1,TRUE
891,A-020041.wav,HH,1F12m,HH-1F12m,-1,2,TRUE
892,A-020042.wav,HH,1F12m,HH-1F12m,-1,3,TRUE
893,A-020043.wav,HH,1F12m,HH-1F12m,-1,4,TRUE
894,A-020044.wav,HH,1F12m,HH-1F12m,-1,5,TRUE
895,A-020045.wav,HH,1F12m,HH-1F12m,-1,1,TRUE
896,A-020046.wav,HH,1F12m,HH-1F12m,-1,2,TRUE
897,A-020047.wav,HH,1F12m,HH-1F12m,-1,3,TRUE
898,A-020048.wav,HH,1F12m,HH-1F12m,-1,4,TRUE
899,A-020049.wav,HH,1F12m,HH-1F12m,-1,5,TRUE
900,A-021000.wav,HH,2F00m,HH-2F00m,0,1,TRUE
901,A-021001.wav,HH,2F00m,HH-2F00m,0,2,TRUE
902,A-021002.wav,HH,2F00m,HH-2F00m,0,3,TRUE
903,A-021003.wav,HH,2F00m,HH-2F00m,0,4,TRUE
904,A-021004.wav,HH,2F00m,HH-2F00m,0,5,TRUE
905,A-021005.wav,HH,2F00m,HH-2F00m,0,1,TRUE
906,A-021006.wav,HH,2F00m,HH-2F00m,0,2,TRUE
907,A-021007.wav,HH,2F00m,HH-2F00m,0,3,TRUE
908,A-021008.wav,HH,2F00m,HH-2F00m,0,4,TRUE
909,A-021009.wav,HH,2F00m,HH-2F00m,0,5,TRUE
910,A-021010.wav,HH,2F00m,HH-2F00m,0,1,TRUE
911,A-021011.wav,HH,2F00m,HH-2F00m,0,2,TRUE
912,A-021012.wav,HH,2F00m,HH-2F00m,0,3,TRUE
913,A-021013.wav,HH,2F00m,HH-2F00m,0,4,TRUE
914,A-021014.wav,HH,2F00m,HH-2F00m,0,5,TRUE
915,A-021015.wav,HH,2F00m,HH-2F00m,0,1,TRUE
916,A-021016.wav,HH,2F00m,HH-2F00m,0,2,TRUE
917,A-021017.wav,HH,2F00m,HH-2F00m,0,3,TRUE
918,A-021018.wav,HH,2F00m,HH-2F00m,0,4,TRUE
919,A-021019.wav,HH,2F00m,HH-2F00m,0,5,TRUE
920,A-021020.wav,HH,2F00m,HH-2F00m,0,1,TRUE
921,A-021021.wav,HH,2F00m,HH-2F00m,0,2,TRUE
922,A-021022.wav,HH,2F00m,HH-2F00m,0,3,TRUE
923,A-021023.wav,HH,2F00m,HH-2F00m,0,4,TRUE
924,A-021024.wav,HH,2F00m,HH-2F00m,0,5,TRUE
925,A-021025.wav,HH,2F00m,HH-2F00m,0,1,TRUE
926,A-021026.wav,HH,2F00m,HH-2F00m,0,2,TRUE
927,A-021027.wav,HH,2F00m,HH-2F00m,0,3,TRUE
928,A-021028.wav,HH,2F00m,HH-2F00m,0,4,TRUE
929,A-021029.wav,HH,2F00m,HH-2F00m,0,5,TRUE
930,A-021030.wav,HH,2F00m,HH-2F00m,0,1,TRUE
931,A-021031.wav,HH,2F00m,HH-2F00m,0,2,TRUE
932,A-021032.wav,HH,2F00m,HH-2F00m,0,3,TRUE
933,A-021033.wav,HH,2F00m,HH-2F00m,0,4,TRUE
934,A-021034.wav,HH,2F00m,HH-2F00m,0,5,TRUE
935,A-021035.wav,HH,2F00m,HH-2F00m,0,1,TRUE
936,A-021036.wav,HH,2F00m,HH-2F00m,0,2,TRUE
937,A-021037.wav,HH,2F00m,HH-2F00m,0,3,TRUE
938,A-021038.wav,HH,2F00m,HH-2F00m,0,4,TRUE
939,A-021039.wav,HH,2F00m,HH-2F00m,0,5,TRUE
940,A-021040.wav,HH,2F00m,HH-2F00m,0,1,TRUE
941,A-021041.wav,HH,2F00m,HH-2F00m,0,2,TRUE
942,A-021042.wav,HH,2F00m,HH-2F00m,0,3,TRUE
943,A-021043.wav,HH,2F00m,HH-2F00m,0,4,TRUE
944,A-021044.wav,HH,2F00m,HH-2F00m,0,5,TRUE
945,A-021045.wav,HH,2F00m,HH-2F00m,0,1,TRUE
946,A-021046.wav,HH,2F00m,HH-2F00m,0,2,TRUE
947,A-021047.wav,HH,2F00m,HH-2F00m,0,3,TRUE
948,A-021048.wav,HH,2F00m,HH-2F00m,0,4,TRUE
949,A-021049.wav,HH,2F00m,HH-2F00m,0,5,TRUE
950,A-022000.wav,HH,2F06m,HH-2F06m,0,1,TRUE
951,A-022001.wav,HH,2F06m,HH-2F06m,0,2,TRUE
952,A-022002.wav,HH,2F06m,HH-2F06m,0,3,TRUE
953,A-022003.wav,HH,2F06m,HH-2F06m,0,4,TRUE
954,A-022004.wav,HH,2F06m,HH-2F06m,0,5,TRUE
955,A-022005.wav,HH,2F06m,HH-2F06m,0,1,TRUE
956,A-022006.wav,HH,2F06m,HH-2F06m,0,2,TRUE
957,A-022007.wav,HH,2F06m,HH-2F06m,0,3,TRUE
958,A-022008.wav,HH,2F06m,HH-2F06m,0,4,TRUE
959,A-022009.wav,HH,2F06m,HH-2F06m,0,5,TRUE
960,A-022010.wav,HH,2F06m,HH-2F06m,0,1,TRUE
961,A-022011.wav,HH,2F06m,HH-2F06m,0,2,TRUE
962,A-022012.wav,HH,2F06m,HH-2F06m,0,3,TRUE
963,A-022013.wav,HH,2F06m,HH-2F06m,0,4,TRUE
964,A-022014.wav,HH,2F06m,HH-2F06m,0,5,TRUE
965,A-022015.wav,HH,2F06m,HH-2F06m,0,1,TRUE
966,A-022016.wav,HH,2F06m,HH-2F06m,0,2,TRUE
967,A-022017.wav,HH,2F06m,HH-2F06m,0,3,TRUE
968,A-022018.wav,HH,2F06m,HH-2F06m,0,4,TRUE
969,A-022019.wav,HH,2F06m,HH-2F06m,0,5,TRUE
970,A-022020.wav,HH,2F06m,HH-2F06m,0,1,TRUE
971,A-022021.wav,HH,2F06m,HH-2F06m,0,2,TRUE
972,A-022022.wav,HH,2F06m,HH-2F06m,0,3,TRUE
973,A-022023.wav,HH,2F06m,HH-2F06m,0,4,TRUE
974,A-022024.wav,HH,2F06m,HH-2F06m,0,5,TRUE
975,A-022025.wav,HH,2F06m,HH-2F06m,0,1,TRUE
976,A-022026.wav,HH,2F06m,HH-2F06m,0,2,TRUE
977,A-022027.wav,HH,2F06m,HH-2F06m,0,3,TRUE
978,A-022028.wav,HH,2F06m,HH-2F06m,0,4,TRUE
979,A-022029.wav,HH,2F06m,HH-2F06m,0,5,TRUE
980,A-022030.wav,HH,2F06m,HH-2F06m,0,1,TRUE
981,A-022031.wav,HH,2F06m,HH-2F06m,0,2,TRUE
982,A-022032.wav,HH,2F06m,HH-2F06m,0,3,TRUE
983,A-022033.wav,HH,2F06m,HH-2F06m,0,4,TRUE
984,A-022034.wav,HH,2F06m,HH-2F06m,0,5,TRUE
985,A-022035.wav,HH,2F06m,HH-2F06m,0,1,TRUE
986,A-022036.wav,HH,2F06m,HH-2F06m,0,2,TRUE
987,A-022037.wav,HH,2F06m,HH-2F06m,0,3,TRUE
988,A-022038.wav,HH,2F06m,HH-2F06m,0,4,TRUE
989,A-022039.wav,HH,2F06m,HH-2F06m,0,5,TRUE
990,A-022040.wav,HH,2F06m,HH-2F06m,0,1,TRUE
991,A-022041.wav,HH,2F06m,HH-2F06m,0,2,TRUE
992,A-022042.wav,HH,2F06m,HH-2F06m,0,3,TRUE
993,A-022043.wav,HH,2F06m,HH-2F06m,0,4,TRUE
994,A-022044.wav,HH,2F06m,HH-2F06m,0,5,TRUE
995,A-022045.wav,HH,2F06m,HH-2F06m,0,1,TRUE
996,A-022046.wav,HH,2F06m,HH-2F06m,0,2,TRUE
997,A-022047.wav,HH,2F06m,HH-2F06m,0,3,TRUE
998,A-022048.wav,HH,2F06m,HH-2F06m,0,4,TRUE
999,A-022049.wav,HH,2F06m,HH-2F06m,0,5,TRUE
1000,A-023000.wav,HH,2F12m,HH-2F12m,0,1,TRUE
1001,A-023001.wav,HH,2F12m,HH-2F12m,0,2,TRUE
1002,A-023002.wav,HH,2F12m,HH-2F12m,0,3,TRUE
1003,A-023003.wav,HH,2F12m,HH-2F12m,0,4,TRUE
1004,A-023004.wav,HH,2F12m,HH-2F12m,0,5,TRUE
1005,A-023005.wav,HH,2F12m,HH-2F12m,0,1,TRUE
1006,A-023006.wav,HH,2F12m,HH-2F12m,0,2,TRUE
1007,A-023007.wav,HH,2F12m,HH-2F12m,0,3,TRUE
1008,A-023008.wav,HH,2F12m,HH-2F12m,0,4,TRUE
1009,A-023009.wav,HH,2F12m,HH-2F12m,0,5,TRUE
1010,A-023010.wav,HH,2F12m,HH-2F12m,0,1,TRUE
1011,A-023011.wav,HH,2F12m,HH-2F12m,0,2,TRUE
1012,A-023012.wav,HH,2F12m,HH-2F12m,0,3,TRUE
1013,A-023013.wav,HH,2F12m,HH-2F12m,0,4,TRUE
1014,A-023014.wav,HH,2F12m,HH-2F12m,0,5,TRUE
1015,A-023015.wav,HH,2F12m,HH-2F12m,0,1,TRUE
1016,A-023016.wav,HH,2F12m,HH-2F12m,0,2,TRUE
1017,A-023017.wav,HH,2F12m,HH-2F12m,0,3,TRUE
1018,A-023018.wav,HH,2F12m,HH-2F12m,0,4,TRUE
1019,A-023019.wav,HH,2F12m,HH-2F12m,0,5,TRUE
1020,A-023020.wav,HH,2F12m,HH-2F12m,0,1,TRUE
1021,A-023021.wav,HH,2F12m,HH-2F12m,0,2,TRUE
1022,A-023022.wav,HH,2F12m,HH-2F12m,0,3,TRUE
1023,A-023023.wav,HH,2F12m,HH-2F12m,0,4,TRUE
1024,A-023024.wav,HH,2F12m,HH-2F12m,0,5,TRUE
1025,A-023025.wav,HH,2F12m,HH-2F12m,0,1,TRUE
1026,A-023026.wav,HH,2F12m,HH-2F12m,0,2,TRUE
1027,A-023027.wav,HH,2F12m,HH-2F12m,0,3,TRUE
1028,A-023028.wav,HH,2F12m,HH-2F12m,0,4,TRUE
1029,A-023029.wav,HH,2F12m,HH-2F12m,0,5,TRUE
1030,A-023030.wav,HH,2F12m,HH-2F12m,0,1,TRUE
1031,A-023031.wav,HH,2F12m,HH-2F12m,0,2,TRUE
1032,A-023032.wav,HH,2F12m,HH-2F12m,0,3,TRUE
1033,A-023033.wav,HH,2F12m,HH-2F12m,0,4,TRUE
1034,A-023034.wav,HH,2F12m,HH-2F12m,0,5,TRUE
1035,A-023035.wav,HH,2F12m,HH-2F12m,0,1,TRUE
1036,A-023036.wav,HH,2F12m,HH-2F12m,0,2,TRUE
1037,A-023037.wav,HH,2F12m,HH-2F12m,0,3,TRUE
1038,A-023038.wav,HH,2F12m,HH-2F12m,0,4,TRUE
1039,A-023039.wav,HH,2F12m,HH-2F12m,0,5,TRUE
1040,A-023040.wav,HH,2F12m,HH-2F12m,0,1,TRUE
1041,A-023041.wav,HH,2F12m,HH-2F12m,0,2,TRUE
1042,A-023042.wav,HH,2F12m,HH-2F12m,0,3,TRUE
1043,A-023043.wav,HH,2F12m,HH-2F12m,0,4,TRUE
1044,A-023044.wav,HH,2F12m,HH-2F12m,0,5,TRUE
1045,A-023045.wav,HH,2F12m,HH-2F12m,0,1,TRUE
1046,A-023046.wav,HH,2F12m,HH-2F12m,0,2,TRUE
1047,A-023047.wav,HH,2F12m,HH-2F12m,0,3,TRUE
1048,A-023048.wav,HH,2F12m,HH-2F12m,0,4,TRUE
1049,A-023049.wav,HH,2F12m,HH-2F12m,0,5,TRUE
1050,A-027000.wav,CD,1F00m,CD-1F00m,-1,1,TRUE
1051,A-027001.wav,CD,1F00m,CD-1F00m,-1,2,TRUE
1052,A-027002.wav,CD,1F00m,CD-1F00m,-1,3,TRUE
1053,A-027003.wav,CD,1F00m,CD-1F00m,-1,4,TRUE
1054,A-027004.wav,CD,1F00m,CD-1F00m,-1,5,TRUE
1055,A-027005.wav,CD,1F00m,CD-1F00m,-1,1,TRUE
1056,A-027006.wav,CD,1F00m,CD-1F00m,-1,2,TRUE
1057,A-027007.wav,CD,1F00m,CD-1F00m,-1,3,TRUE
1058,A-027008.wav,CD,1F00m,CD-1F00m,-1,4,TRUE
1059,A-027009.wav,CD,1F00m,CD-1F00m,-1,5,TRUE
1060,A-027010.wav,CD,1F00m,CD-1F00m,-1,1,TRUE
1061,A-027011.wav,CD,1F00m,CD-1F00m,-1,2,TRUE
1062,A-027012.wav,CD,1F00m,CD-1F00m,-1,3,TRUE
1063,A-027013.wav,CD,1F00m,CD-1F00m,-1,4,TRUE
1064,A-027014.wav,CD,1F00m,CD-1F00m,-1,5,TRUE
1065,A-027015.wav,CD,1F00m,CD-1F00m,-1,1,TRUE
1066,A-027016.wav,CD,1F00m,CD-1F00m,-1,2,TRUE
1067,A-027017.wav,CD,1F00m,CD-1F00m,-1,3,TRUE
1068,A-027018.wav,CD,1F00m,CD-1F00m,-1,4,TRUE
1069,A-027019.wav,CD,1F00m,CD-1F00m,-1,5,TRUE
1070,A-027020.wav,CD,1F00m,CD-1F00m,-1,1,TRUE
1071,A-027021.wav,CD,1F00m,CD-1F00m,-1,2,TRUE
1072,A-027022.wav,CD,1F00m,CD-1F00m,-1,3,TRUE
1073,A-027023.wav,CD,1F00m,CD-1F00m,-1,4,TRUE
1074,A-027024.wav,CD,1F00m,CD-1F00m,-1,5,TRUE
1075,A-027025.wav,CD,1F00m,CD-1F00m,-1,1,TRUE
1076,A-027026.wav,CD,1F00m,CD-1F00m,-1,2,TRUE
1077,A-027027.wav,CD,1F00m,CD-1F00m,-1,3,TRUE
1078,A-027028.wav,CD,1F00m,CD-1F00m,-1,4,TRUE
1079,A-027029.wav,CD,1F00m,CD-1F00m,-1,5,TRUE
1080,A-027030.wav,CD,1F00m,CD-1F00m,-1,1,TRUE
1081,A-027031.wav,CD,1F00m,CD-1F00m,-1,2,TRUE
1082,A-027032.wav,CD,1F00m,CD-1F00m,-1,3,TRUE
1083,A-027033.wav,CD,1F00m,CD-1F00m,-1,4,TRUE
1084,A-027034.wav,CD,1F00m,CD-1F00m,-1,5,TRUE
1085,A-027035.wav,CD,1F00m,CD-1F00m,-1,1,TRUE
1086,A-027036.wav,CD,1F00m,CD-1F00m,-1,2,TRUE
1087,A-027037.wav,CD,1F00m,CD-1F00m,-1,3,TRUE
1088,A-027038.wav,CD,1F00m,CD-1F00m,-1,4,TRUE
1089,A-027039.wav,CD,1F00m,CD-1F00m,-1,5,TRUE
1090,A-027040.wav,CD,1F00m,CD-1F00m,-1,1,TRUE
1091,A-027041.wav,CD,1F00m,CD-1F00m,-1,2,TRUE
1092,A-027042.wav,CD,1F00m,CD-1F00m,-1,3,TRUE
1093,A-027043.wav,CD,1F00m,CD-1F00m,-1,4,TRUE
1094,A-027044.wav,CD,1F00m,CD-1F00m,-1,5,TRUE
1095,A-027045.wav,CD,1F00m,CD-1F00m,-1,1,TRUE
1096,A-027046.wav,CD,1F00m,CD-1F00m,-1,2,TRUE
1097,A-027047.wav,CD,1F00m,CD-1F00m,-1,3,TRUE
1098,A-027048.wav,CD,1F00m,CD-1F00m,-1,4,TRUE
1099,A-027049.wav,CD,1F00m,CD-1F00m,-1,5,TRUE
1100,A-028000.wav,CD,1F06m,CD-1F06m,-1,1,TRUE
1101,A-028001.wav,CD,1F06m,CD-1F06m,-1,2,TRUE
1102,A-028002.wav,CD,1F06m,CD-1F06m,-1,3,TRUE
1103,A-028003.wav,CD,1F06m,CD-1F06m,-1,4,TRUE
1104,A-028004.wav,CD,1F06m,CD-1F06m,-1,5,TRUE
1105,A-028005.wav,CD,1F06m,CD-1F06m,-1,1,TRUE
1106,A-028006.wav,CD,1F06m,CD-1F06m,-1,2,TRUE
1107,A-028007.wav,CD,1F06m,CD-1F06m,-1,3,TRUE
1108,A-028008.wav,CD,1F06m,CD-1F06m,-1,4,TRUE
1109,A-028009.wav,CD,1F06m,CD-1F06m,-1,5,TRUE
1110,A-028010.wav,CD,1F06m,CD-1F06m,-1,1,TRUE
1111,A-028011.wav,CD,1F06m,CD-1F06m,-1,2,TRUE
1112,A-028012.wav,CD,1F06m,CD-1F06m,-1,3,TRUE
1113,A-028013.wav,CD,1F06m,CD-1F06m,-1,4,TRUE
1114,A-028014.wav,CD,1F06m,CD-1F06m,-1,5,TRUE
1115,A-028015.wav,CD,1F06m,CD-1F06m,-1,1,TRUE
1116,A-028016.wav,CD,1F06m,CD-1F06m,-1,2,TRUE
1117,A-028017.wav,CD,1F06m,CD-1F06m,-1,3,TRUE
1118,A-028018.wav,CD,1F06m,CD-1F06m,-1,4,TRUE
1119,A-028019.wav,CD,1F06m,CD-1F06m,-1,5,TRUE
1120,A-028020.wav,CD,1F06m,CD-1F06m,-1,1,TRUE
1121,A-028021.wav,CD,1F06m,CD-1F06m,-1,2,TRUE
1122,A-028022.wav,CD,1F06m,CD-1F06m,-1,3,TRUE
1123,A-028023.wav,CD,1F06m,CD-1F06m,-1,4,TRUE
1124,A-028024.wav,CD,1F06m,CD-1F06m,-1,5,TRUE
1125,A-028025.wav,CD,1F06m,CD-1F06m,-1,1,TRUE
1126,A-028026.wav,CD,1F06m,CD-1F06m,-1,2,TRUE
1127,A-028027.wav,CD,1F06m,CD-1F06m,-1,3,TRUE
1128,A-028028.wav,CD,1F06m,CD-1F06m,-1,4,TRUE
1129,A-028029.wav,CD,1F06m,CD-1F06m,-1,5,TRUE
1130,A-028030.wav,CD,1F06m,CD-1F06m,-1,1,TRUE
1131,A-028031.wav,CD,1F06m,CD-1F06m,-1,2,TRUE
1132,A-028032.wav,CD,1F06m,CD-1F06m,-1,3,TRUE
1133,A-028033.wav,CD,1F06m,CD-1F06m,-1,4,TRUE
1134,A-028034.wav,CD,1F06m,CD-1F06m,-1,5,TRUE
1135,A-028035.wav,CD,1F06m,CD-1F06m,-1,1,TRUE
1136,A-028036.wav,CD,1F06m,CD-1F06m,-1,2,TRUE
1137,A-028037.wav,CD,1F06m,CD-1F06m,-1,3,TRUE
1138,A-028038.wav,CD,1F06m,CD-1F06m,-1,4,TRUE
1139,A-028039.wav,CD,1F06m,CD-1F06m,-1,5,TRUE
1140,A-028040.wav,CD,1F06m,CD-1F06m,-1,1,TRUE
1141,A-028041.wav,CD,1F06m,CD-1F06m,-1,2,TRUE
1142,A-028042.wav,CD,1F06m,CD-1F06m,-1,3,TRUE
1143,A-028043.wav,CD,1F06m,CD-1F06m,-1,4,TRUE
1144,A-028044.wav,CD,1F06m,CD-1F06m,-1,5,TRUE
1145,A-028045.wav,CD,1F06m,CD-1F06m,-1,1,TRUE
1146,A-028046.wav,CD,1F06m,CD-1F06m,-1,2,TRUE
1147,A-028047.wav,CD,1F06m,CD-1F06m,-1,3,TRUE
1148,A-028048.wav,CD,1F06m,CD-1F06m,-1,4,TRUE
1149,A-028049.wav,CD,1F06m,CD-1F06m,-1,5,TRUE
1150,A-029000.wav,CD,1F12m,CD-1F12m,-1,1,TRUE
1151,A-029001.wav,CD,1F12m,CD-1F12m,-1,2,TRUE
1152,A-029002.wav,CD,1F12m,CD-1F12m,-1,3,TRUE
1153,A-029003.wav,CD,1F12m,CD-1F12m,-1,4,TRUE
1154,A-029004.wav,CD,1F12m,CD-1F12m,-1,5,TRUE
1155,A-029005.wav,CD,1F12m,CD-1F12m,-1,1,TRUE
1156,A-029006.wav,CD,1F12m,CD-1F12m,-1,2,TRUE
1157,A-029007.wav,CD,1F12m,CD-1F12m,-1,3,TRUE
1158,A-029008.wav,CD,1F12m,CD-1F12m,-1,4,TRUE
1159,A-029009.wav,CD,1F12m,CD-1F12m,-1,5,TRUE
1160,A-029010.wav,CD,1F12m,CD-1F12m,-1,1,TRUE
1161,A-029011.wav,CD,1F12m,CD-1F12m,-1,2,TRUE
1162,A-029012.wav,CD,1F12m,CD-1F12m,-1,3,TRUE
1163,A-029013.wav,CD,1F12m,CD-1F12m,-1,4,TRUE
1164,A-029014.wav,CD,1F12m,CD-1F12m,-1,5,TRUE
1165,A-029015.wav,CD,1F12m,CD-1F12m,-1,1,TRUE
1166,A-029016.wav,CD,1F12m,CD-1F12m,-1,2,TRUE
1167,A-029017.wav,CD,1F12m,CD-1F12m,-1,3,TRUE
1168,A-029018.wav,CD,1F12m,CD-1F12m,-1,4,TRUE
1169,A-029019.wav,CD,1F12m,CD-1F12m,-1,5,TRUE
1170,A-029020.wav,CD,1F12m,CD-1F12m,-1,1,TRUE
1171,A-029021.wav,CD,1F12m,CD-1F12m,-1,2,TRUE
1172,A-029022.wav,CD,1F12m,CD-1F12m,-1,3,TRUE
1173,A-029023.wav,CD,1F12m,CD-1F12m,-1,4,TRUE
1174,A-029024.wav,CD,1F12m,CD-1F12m,-1,5,TRUE
1175,A-029025.wav,CD,1F12m,CD-1F12m,-1,1,TRUE
1176,A-029026.wav,CD,1F12m,CD-1F12m,-1,2,TRUE
1177,A-029027.wav,CD,1F12m,CD-1F12m,-1,3,TRUE
1178,A-029028.wav,CD,1F12m,CD-1F12m,-1,4,TRUE
1179,A-029029.wav,CD,1F12m,CD-1F12m,-1,5,TRUE
1180,A-029030.wav,CD,1F12m,CD-1F12m,-1,1,TRUE
1181,A-029031.wav,CD,1F12m,CD-1F12m,-1,2,TRUE
1182,A-029032.wav,CD,1F12m,CD-1F12m,-1,3,TRUE
1183,A-029033.wav,CD,1F12m,CD-1F12m,-1,4,TRUE
1184,A-029034.wav,CD,1F12m,CD-1F12m,-1,5,TRUE
1185,A-029035.wav,CD,1F12m,CD-1F12m,-1,1,TRUE
1186,A-029036.wav,CD,1F12m,CD-1F12m,-1,2,TRUE
1187,A-029037.wav,CD,1F12m,CD-1F12m,-1,3,TRUE
1188,A-029038.wav,CD,1F12m,CD-1F12m,-1,4,TRUE
1189,A-029039.wav,CD,1F12m,CD-1F12m,-1,5,TRUE
1190,A-029040.wav,CD,1F12m,CD-1F12m,-1,1,TRUE
1191,A-029041.wav,CD,1F12m,CD-1F12m,-1,2,TRUE
1192,A-029042.wav,CD,1F12m,CD-1F12m,-1,3,TRUE
1193,A-029043.wav,CD,1F12m,CD-1F12m,-1,4,TRUE
1194,A-029044.wav,CD,1F12m,CD-1F12m,-1,5,TRUE
1195,A-029045.wav,CD,1F12m,CD-1F12m,-1,1,TRUE
1196,A-029046.wav,CD,1F12m,CD-1F12m,-1,2,TRUE
1197,A-029047.wav,CD,1F12m,CD-1F12m,-1,3,TRUE
1198,A-029048.wav,CD,1F12m,CD-1F12m,-1,4,TRUE
1199,A-029049.wav,CD,1F12m,CD-1F12m,-1,5,TRUE
1200,A-030000.wav,CD,2F00m,CD-2F00m,0,1,TRUE
1201,A-030001.wav,CD,2F00m,CD-2F00m,0,2,TRUE
1202,A-030002.wav,CD,2F00m,CD-2F00m,0,3,TRUE
1203,A-030003.wav,CD,2F00m,CD-2F00m,0,4,TRUE
1204,A-030004.wav,CD,2F00m,CD-2F00m,0,5,TRUE
1205,A-030005.wav,CD,2F00m,CD-2F00m,0,1,TRUE
1206,A-030006.wav,CD,2F00m,CD-2F00m,0,2,TRUE
1207,A-030007.wav,CD,2F00m,CD-2F00m,0,3,TRUE
1208,A-030008.wav,CD,2F00m,CD-2F00m,0,4,TRUE
1209,A-030009.wav,CD,2F00m,CD-2F00m,0,5,TRUE
1210,A-030010.wav,CD,2F00m,CD-2F00m,0,1,TRUE
1211,A-030011.wav,CD,2F00m,CD-2F00m,0,2,TRUE
1212,A-030012.wav,CD,2F00m,CD-2F00m,0,3,TRUE
1213,A-030013.wav,CD,2F00m,CD-2F00m,0,4,TRUE
1214,A-030014.wav,CD,2F00m,CD-2F00m,0,5,TRUE
1215,A-030015.wav,CD,2F00m,CD-2F00m,0,1,TRUE
1216,A-030016.wav,CD,2F00m,CD-2F00m,0,2,TRUE
1217,A-030017.wav,CD,2F00m,CD-2F00m,0,3,TRUE
1218,A-030018.wav,CD,2F00m,CD-2F00m,0,4,TRUE
1219,A-030019.wav,CD,2F00m,CD-2F00m,0,5,TRUE
1220,A-030020.wav,CD,2F00m,CD-2F00m,0,1,TRUE
1221,A-030021.wav,CD,2F00m,CD-2F00m,0,2,TRUE
1222,A-030022.wav,CD,2F00m,CD-2F00m,0,3,TRUE
1223,A-030023.wav,CD,2F00m,CD-2F00m,0,4,TRUE
1224,A-030024.wav,CD,2F00m,CD-2F00m,0,5,TRUE
1225,A-030025.wav,CD,2F00m,CD-2F00m,0,1,TRUE
1226,A-030026.wav,CD,2F00m,CD-2F00m,0,2,TRUE
1227,A-030027.wav,CD,2F00m,CD-2F00m,0,3,TRUE
1228,A-030028.wav,CD,2F00m,CD-2F00m,0,4,TRUE
1229,A-030029.wav,CD,2F00m,CD-2F00m,0,5,TRUE
1230,A-030030.wav,CD,2F00m,CD-2F00m,0,1,TRUE
1231,A-030031.wav,CD,2F00m,CD-2F00m,0,2,TRUE
1232,A-030032.wav,CD,2F00m,CD-2F00m,0,3,TRUE
1233,A-030033.wav,CD,2F00m,CD-2F00m,0,4,TRUE
1234,A-030034.wav,CD,2F00m,CD-2F00m,0,5,TRUE
1235,A-030035.wav,CD,2F00m,CD-2F00m,0,1,TRUE
1236,A-030036.wav,CD,2F00m,CD-2F00m,0,2,TRUE
1237,A-030037.wav,CD,2F00m,CD-2F00m,0,3,TRUE
1238,A-030038.wav,CD,2F00m,CD-2F00m,0,4,TRUE
1239,A-030039.wav,CD,2F00m,CD-2F00m,0,5,TRUE
1240,A-030040.wav,CD,2F00m,CD-2F00m,0,1,TRUE
1241,A-030041.wav,CD,2F00m,CD-2F00m,0,2,TRUE
1242,A-030042.wav,CD,2F00m,CD-2F00m,0,3,TRUE
1243,A-030043.wav,CD,2F00m,CD-2F00m,0,4,TRUE
1244,A-030044.wav,CD,2F00m,CD-2F00m,0,5,TRUE
1245,A-030045.wav,CD,2F00m,CD-2F00m,0,1,TRUE
1246,A-030046.wav,CD,2F00m,CD-2F00m,0,2,TRUE
1247,A-030047.wav,CD,2F00m,CD-2F00m,0,3,TRUE
1248,A-030048.wav,CD,2F00m,CD-2F00m,0,4,TRUE
1249,A-030049.wav,CD,2F00m,CD-2F00m,0,5,TRUE
1250,A-031000.wav,CD,2F06m,CD-2F06m,0,1,TRUE
1251,A-031001.wav,CD,2F06m,CD-2F06m,0,2,TRUE
1252,A-031002.wav,CD,2F06m,CD-2F06m,0,3,TRUE
1253,A-031003.wav,CD,2F06m,CD-2F06m,0,4,TRUE
1254,A-031004.wav,CD,2F06m,CD-2F06m,0,5,TRUE
1255,A-031005.wav,CD,2F06m,CD-2F06m,0,1,TRUE
1256,A-031006.wav,CD,2F06m,CD-2F06m,0,2,TRUE
1257,A-031007.wav,CD,2F06m,CD-2F06m,0,3,TRUE
1258,A-031008.wav,CD,2F06m,CD-2F06m,0,4,TRUE
1259,A-031009.wav,CD,2F06m,CD-2F06m,0,5,TRUE
1260,A-031010.wav,CD,2F06m,CD-2F06m,0,1,TRUE
1261,A-031011.wav,CD,2F06m,CD-2F06m,0,2,TRUE
1262,A-031012.wav,CD,2F06m,CD-2F06m,0,3,TRUE
1263,A-031013.wav,CD,2F06m,CD-2F06m,0,4,TRUE
1264,A-031014.wav,CD,2F06m,CD-2F06m,0,5,TRUE
1265,A-031015.wav,CD,2F06m,CD-2F06m,0,1,TRUE
1266,A-031016.wav,CD,2F06m,CD-2F06m,0,2,TRUE
1267,A-031017.wav,CD,2F06m,CD-2F06m,0,3,TRUE
1268,A-031018.wav,CD,2F06m,CD-2F06m,0,4,TRUE
1269,A-031019.wav,CD,2F06m,CD-2F06m,0,5,TRUE
1270,A-031020.wav,CD,2F06m,CD-2F06m,0,1,TRUE
1271,A-031021.wav,CD,2F06m,CD-2F06m,0,2,TRUE
1272,A-031022.wav,CD,2F06m,CD-2F06m,0,3,TRUE
1273,A-031023.wav,CD,2F06m,CD-2F06m,0,4,TRUE
1274,A-031024.wav,CD,2F06m,CD-2F06m,0,5,TRUE
1275,A-031025.wav,CD,2F06m,CD-2F06m,0,1,TRUE
1276,A-031026.wav,CD,2F06m,CD-2F06m,0,2,TRUE
1277,A-031027.wav,CD,2F06m,CD-2F06m,0,3,TRUE
1278,A-031028.wav,CD,2F06m,CD-2F06m,0,4,TRUE
1279,A-031029.wav,CD,2F06m,CD-2F06m,0,5,TRUE
1280,A-031030.wav,CD,2F06m,CD-2F06m,0,1,TRUE
1281,A-031031.wav,CD,2F06m,CD-2F06m,0,2,TRUE
1282,A-031032.wav,CD,2F06m,CD-2F06m,0,3,TRUE
1283,A-031033.wav,CD,2F06m,CD-2F06m,0,4,TRUE
1284,A-031034.wav,CD,2F06m,CD-2F06m,0,5,TRUE
1285,A-031035.wav,CD,2F06m,CD-2F06m,0,1,TRUE
1286,A-031036.wav,CD,2F06m,CD-2F06m,0,2,TRUE
1287,A-031037.wav,CD,2F06m,CD-2F06m,0,3,TRUE
1288,A-031038.wav,CD,2F06m,CD-2F06m,0,4,TRUE
1289,A-031039.wav,CD,2F06m,CD-2F06m,0,5,TRUE
1290,A-031040.wav,CD,2F06m,CD-2F06m,0,1,TRUE
1291,A-031041.wav,CD,2F06m,CD-2F06m,0,2,TRUE
1292,A-031042.wav,CD,2F06m,CD-2F06m,0,3,TRUE
1293,A-031043.wav,CD,2F06m,CD-2F06m,0,4,TRUE
1294,A-031044.wav,CD,2F06m,CD-2F06m,0,5,TRUE
1295,A-031045.wav,CD,2F06m,CD-2F06m,0,1,TRUE
1296,A-031046.wav,CD,2F06m,CD-2F06m,0,2,TRUE
1297,A-031047.wav,CD,2F06m,CD-2F06m,0,3,TRUE
1298,A-031048.wav,CD,2F06m,CD-2F06m,0,4,TRUE
1299,A-031049.wav,CD,2F06m,CD-2F06m,0,5,TRUE
1300,A-032000.wav,CD,2F12m,CD-2F12m,0,1,TRUE
1301,A-032001.wav,CD,2F12m,CD-2F12m,0,2,TRUE
1302,A-032002.wav,CD,2F12m,CD-2F12m,0,3,TRUE
1303,A-032003.wav,CD,2F12m,CD-2F12m,0,4,TRUE
1304,A-032004.wav,CD,2F12m,CD-2F12m,0,5,TRUE
1305,A-032005.wav,CD,2F12m,CD-2F12m,0,1,TRUE
1306,A-032006.wav,CD,2F12m,CD-2F12m,0,2,TRUE
1307,A-032007.wav,CD,2F12m,CD-2F12m,0,3,TRUE
1308,A-032008.wav,CD,2F12m,CD-2F12m,0,4,TRUE
1309,A-032009.wav,CD,2F12m,CD-2F12m,0,5,TRUE
1310,A-032010.wav,CD,2F12m,CD-2F12m,0,1,TRUE
1311,A-032011.wav,CD,2F12m,CD-2F12m,0,2,TRUE
1312,A-032012.wav,CD,2F12m,CD-2F12m,0,3,TRUE
1313,A-032013.wav,CD,2F12m,CD-2F12m,0,4,TRUE
1314,A-032014.wav,CD,2F12m,CD-2F12m,0,5,TRUE
1315,A-032015.wav,CD,2F12m,CD-2F12m,0,1,TRUE
1316,A-032016.wav,CD,2F12m,CD-2F12m,0,2,TRUE
1317,A-032017.wav,CD,2F12m,CD-2F12m,0,3,TRUE
1318,A-032018.wav,CD,2F12m,CD-2F12m,0,4,TRUE
1319,A-032019.wav,CD,2F12m,CD-2F12m,0,5,TRUE
1320,A-032020.wav,CD,2F12m,CD-2F12m,0,1,TRUE
1321,A-032021.wav,CD,2F12m,CD-2F12m,0,2,TRUE
1322,A-032022.wav,CD,2F12m,CD-2F12m,0,3,TRUE
1323,A-032023.wav,CD,2F12m,CD-2F12m,0,4,TRUE
1324,A-032024.wav,CD,2F12m,CD-2F12m,0,5,TRUE
1325,A-032025.wav,CD,2F12m,CD-2F12m,0,1,TRUE
1326,A-032026.wav,CD,2F12m,CD-2F12m,0,2,TRUE
1327,A-032027.wav,CD,2F12m,CD-2F12m,0,3,TRUE
1328,A-032028.wav,CD,2F12m,CD-2F12m,0,4,TRUE
1329,A-032029.wav,CD,2F12m,CD-2F12m,0,5,TRUE
1330,A-032030.wav,CD,2F12m,CD-2F12m,0,1,TRUE
1331,A-032031.wav,CD,2F12m,CD-2F12m,0,2,TRUE
1332,A-032032.wav,CD,2F12m,CD-2F12m,0,3,TRUE
1333,A-032033.wav,CD,2F12m,CD-2F12m,0,4,TRUE
1334,A-032034.wav,CD,2F12m,CD-2F12m,0,5,TRUE
1335,A-032035.wav,CD,2F12m,CD-2F12m,0,1,TRUE
1336,A-032036.wav,CD,2F12m,CD-2F12m,0,2,TRUE
1337,A-032037.wav,CD,2F12m,CD-2F12m,0,3,TRUE
1338,A-032038.wav,CD,2F12m,CD-2F12m,0,4,TRUE
1339,A-032039.wav,CD,2F12m,CD-2F12m,0,5,TRUE
1340,A-032040.wav,CD,2F12m,CD-2F12m,0,1,TRUE
1341,A-032041.wav,CD,2F12m,CD-2F12m,0,2,TRUE
1342,A-032042.wav,CD,2F12m,CD-2F12m,0,3,TRUE
1343,A-032043.wav,CD,2F12m,CD-2F12m,0,4,TRUE
1344,A-032044.wav,CD,2F12m,CD-2F12m,0,5,TRUE
1345,A-032045.wav,CD,2F12m,CD-2F12m,0,1,TRUE
1346,A-032046.wav,CD,2F12m,CD-2F12m,0,2,TRUE
1347,A-032047.wav,CD,2F12m,CD-2F12m,0,3,TRUE
1348,A-032048.wav,CD,2F12m,CD-2F12m,0,4,TRUE
1349,A-032049.wav,CD,2F12m,CD-2F12m,0,5,TRUE
1350,A-033000.wav,CD,3F00m,CD-3F00m,1,1,TRUE
1351,A-033001.wav,CD,3F00m,CD-3F00m,1,2,TRUE
1352,A-033002.wav,CD,3F00m,CD-3F00m,1,3,TRUE
1353,A-033003.wav,CD,3F00m,CD-3F00m,1,4,TRUE
1354,A-033004.wav,CD,3F00m,CD-3F00m,1,5,TRUE
1355,A-033005.wav,CD,3F00m,CD-3F00m,1,1,TRUE
1356,A-033006.wav,CD,3F00m,CD-3F00m,1,2,TRUE
1357,A-033007.wav,CD,3F00m,CD-3F00m,1,3,TRUE
1358,A-033008.wav,CD,3F00m,CD-3F00m,1,4,TRUE
1359,A-033009.wav,CD,3F00m,CD-3F00m,1,5,TRUE
1360,A-033010.wav,CD,3F00m,CD-3F00m,1,1,TRUE
1361,A-033011.wav,CD,3F00m,CD-3F00m,1,2,TRUE
1362,A-033012.wav,CD,3F00m,CD-3F00m,1,3,TRUE
1363,A-033013.wav,CD,3F00m,CD-3F00m,1,4,TRUE
1364,A-033014.wav,CD,3F00m,CD-3F00m,1,5,TRUE
1365,A-033015.wav,CD,3F00m,CD-3F00m,1,1,TRUE
1366,A-033016.wav,CD,3F00m,CD-3F00m,1,2,TRUE
1367,A-033017.wav,CD,3F00m,CD-3F00m,1,3,TRUE
1368,A-033018.wav,CD,3F00m,CD-3F00m,1,4,TRUE
1369,A-033019.wav,CD,3F00m,CD-3F00m,1,5,TRUE
1370,A-033020.wav,CD,3F00m,CD-3F00m,1,1,TRUE
1371,A-033021.wav,CD,3F00m,CD-3F00m,1,2,TRUE
1372,A-033022.wav,CD,3F00m,CD-3F00m,1,3,TRUE
1373,A-033023.wav,CD,3F00m,CD-3F00m,1,4,TRUE
1374,A-033024.wav,CD,3F00m,CD-3F00m,1,5,TRUE
1375,A-033025.wav,CD,3F00m,CD-3F00m,1,1,TRUE
1376,A-033026.wav,CD,3F00m,CD-3F00m,1,2,TRUE
1377,A-033027.wav,CD,3F00m,CD-3F00m,1,3,TRUE
1378,A-033028.wav,CD,3F00m,CD-3F00m,1,4,TRUE
1379,A-033029.wav,CD,3F00m,CD-3F00m,1,5,TRUE
1380,A-033030.wav,CD,3F00m,CD-3F00m,1,1,TRUE
1381,A-033031.wav,CD,3F00m,CD-3F00m,1,2,TRUE
1382,A-033032.wav,CD,3F00m,CD-3F00m,1,3,TRUE
1383,A-033033.wav,CD,3F00m,CD-3F00m,1,4,TRUE
1384,A-033034.wav,CD,3F00m,CD-3F00m,1,5,TRUE
1385,A-033035.wav,CD,3F00m,CD-3F00m,1,1,TRUE
1386,A-033036.wav,CD,3F00m,CD-3F00m,1,2,TRUE
1387,A-033037.wav,CD,3F00m,CD-3F00m,1,3,TRUE
1388,A-033038.wav,CD,3F00m,CD-3F00m,1,4,TRUE
1389,A-033039.wav,CD,3F00m,CD-3F00m,1,5,TRUE
1390,A-033040.wav,CD,3F00m,CD-3F00m,1,1,TRUE
1391,A-033041.wav,CD,3F00m,CD-3F00m,1,2,TRUE
1392,A-033042.wav,CD,3F00m,CD-3F00m,1,3,TRUE
1393,A-033043.wav,CD,3F00m,CD-3F00m,1,4,TRUE
1394,A-033044.wav,CD,3F00m,CD-3F00m,1,5,TRUE
1395,A-033045.wav,CD,3F00m,CD-3F00m,1,1,TRUE
1396,A-033046.wav,CD,3F00m,CD-3F00m,1,2,TRUE
1397,A-033047.wav,CD,3F00m,CD-3F00m,1,3,TRUE
1398,A-033048.wav,CD,3F00m,CD-3F00m,1,4,TRUE
1399,A-033049.wav,CD,3F00m,CD-3F00m,1,5,TRUE
1400,A-034000.wav,CD,3F06m,CD-3F06m,1,1,TRUE
1401,A-034001.wav,CD,3F06m,CD-3F06m,1,2,TRUE
1402,A-034002.wav,CD,3F06m,CD-3F06m,1,3,TRUE
1403,A-034003.wav,CD,3F06m,CD-3F06m,1,4,TRUE
1404,A-034004.wav,CD,3F06m,CD-3F06m,1,5,TRUE
1405,A-034005.wav,CD,3F06m,CD-3F06m,1,1,TRUE
1406,A-034006.wav,CD,3F06m,CD-3F06m,1,2,TRUE
1407,A-034007.wav,CD,3F06m,CD-3F06m,1,3,TRUE
1408,A-034008.wav,CD,3F06m,CD-3F06m,1,4,TRUE
1409,A-034009.wav,CD,3F06m,CD-3F06m,1,5,TRUE
1410,A-034010.wav,CD,3F06m,CD-3F06m,1,1,TRUE
1411,A-034011.wav,CD,3F06m,CD-3F06m,1,2,TRUE
1412,A-034012.wav,CD,3F06m,CD-3F06m,1,3,TRUE
1413,A-034013.wav,CD,3F06m,CD-3F06m,1,4,TRUE
1414,A-034014.wav,CD,3F06m,CD-3F06m,1,5,TRUE
1415,A-034015.wav,CD,3F06m,CD-3F06m,1,1,TRUE
1416,A-034016.wav,CD,3F06m,CD-3F06m,1,2,TRUE
1417,A-034017.wav,CD,3F06m,CD-3F06m,1,3,TRUE
1418,A-034018.wav,CD,3F06m,CD-3F06m,1,4,TRUE
1419,A-034019.wav,CD,3F06m,CD-3F06m,1,5,TRUE
1420,A-034020.wav,CD,3F06m,CD-3F06m,1,1,TRUE
1421,A-034021.wav,CD,3F06m,CD-3F06m,1,2,TRUE
1422,A-034022.wav,CD,3F06m,CD-3F06m,1,3,TRUE
1423,A-034023.wav,CD,3F06m,CD-3F06m,1,4,TRUE
1424,A-034024.wav,CD,3F06m,CD-3F06m,1,5,TRUE
1425,A-034025.wav,CD,3F06m,CD-3F06m,1,1,TRUE
1426,A-034026.wav,CD,3F06m,CD-3F06m,1,2,TRUE
1427,A-034027.wav,CD,3F06m,CD-3F06m,1,3,TRUE
1428,A-034028.wav,CD,3F06m,CD-3F06m,1,4,TRUE
1429,A-034029.wav,CD,3F06m,CD-3F06m,1,5,TRUE
1430,A-034030.wav,CD,3F06m,CD-3F06m,1,1,TRUE
1431,A-034031.wav,CD,3F06m,CD-3F06m,1,2,TRUE
1432,A-034032.wav,CD,3F06m,CD-3F06m,1,3,TRUE
1433,A-034033.wav,CD,3F06m,CD-3F06m,1,4,TRUE
1434,A-034034.wav,CD,3F06m,CD-3F06m,1,5,TRUE
1435,A-034035.wav,CD,3F06m,CD-3F06m,1,1,TRUE
1436,A-034036.wav,CD,3F06m,CD-3F06m,1,2,TRUE
1437,A-034037.wav,CD,3F06m,CD-3F06m,1,3,TRUE
1438,A-034038.wav,CD,3F06m,CD-3F06m,1,4,TRUE
1439,A-034039.wav,CD,3F06m,CD-3F06m,1,5,TRUE
1440,A-034040.wav,CD,3F06m,CD-3F06m,1,1,TRUE
1441,A-034041.wav,CD,3F06m,CD-3F06m,1,2,TRUE
1442,A-034042.wav,CD,3F06m,CD-3F06m,1,3,TRUE
1443,A-034043.wav,CD,3F06m,CD-3F06m,1,4,TRUE
1444,A-034044.wav,CD,3F06m,CD-3F06m,1,5,TRUE
1445,A-034045.wav,CD,3F06m,CD-3F06m,1,1,TRUE
1446,A-034046.wav,CD,3F06m,CD-3F06m,1,2,TRUE
1447,A-034047.wav,CD,3F06m,CD-3F06m,1,3,TRUE
1448,A-034048.wav,CD,3F06m,CD-3F06m,1,4,TRUE
1449,A-034049.wav,CD,3F06m,CD-3F06m,1,5,TRUE
1450,A-035000.wav,CD,3F12m,CD-3F12m,1,1,TRUE
1451,A-035001.wav,CD,3F12m,CD-3F12m,1,2,TRUE
1452,A-035002.wav,CD,3F12m,CD-3F12m,1,3,TRUE
1453,A-035003.wav,CD,3F12m,CD-3F12m,1,4,TRUE
1454,A-035004.wav,CD,3F12m,CD-3F12m,1,5,TRUE
1455,A-035005.wav,CD,3F12m,CD-3F12m,1,1,TRUE
1456,A-035006.wav,CD,3F12m,CD-3F12m,1,2,TRUE
1457,A-035007.wav,CD,3F12m,CD-3F12m,1,3,TRUE
1458,A-035008.wav,CD,3F12m,CD-3F12m,1,4,TRUE
1459,A-035009.wav,CD,3F12m,CD-3F12m,1,5,TRUE
1460,A-035010.wav,CD,3F12m,CD-3F12m,1,1,TRUE
1461,A-035011.wav,CD,3F12m,CD-3F12m,1,2,TRUE
1462,A-035012.wav,CD,3F12m,CD-3F12m,1,3,TRUE
1463,A-035013.wav,CD,3F12m,CD-3F12m,1,4,TRUE
1464,A-035014.wav,CD,3F12m,CD-3F12m,1,5,TRUE
1465,A-035015.wav,CD,3F12m,CD-3F12m,1,1,TRUE
1466,A-035016.wav,CD,3F12m,CD-3F12m,1,2,TRUE
1467,A-035017.wav,CD,3F12m,CD-3F12m,1,3,TRUE
1468,A-035018.wav,CD,3F12m,CD-3F12m,1,4,TRUE
1469,A-035019.wav,CD,3F12m,CD-3F12m,1,5,TRUE
1470,A-035020.wav,CD,3F12m,CD-3F12m,1,1,TRUE
1471,A-035021.wav,CD,3F12m,CD-3F12m,1,2,TRUE
1472,A-035022.wav,CD,3F12m,CD-3F12m,1,3,TRUE
1473,A-035023.wav,CD,3F12m,CD-3F12m,1,4,TRUE
1474,A-035024.wav,CD,3F12m,CD-3F12m,1,5,TRUE
1475,A-035025.wav,CD,3F12m,CD-3F12m,1,1,TRUE
1476,A-035026.wav,CD,3F12m,CD-3F12m,1,2,TRUE
1477,A-035027.wav,CD,3F12m,CD-3F12m,1,3,TRUE
1478,A-035028.wav,CD,3F12m,CD-3F12m,1,4,TRUE
1479,A-035029.wav,CD,3F12m,CD-3F12m,1,5,TRUE
1480,A-035030.wav,CD,3F12m,CD-3F12m,1,1,TRUE
1481,A-035031.wav,CD,3F12m,CD-3F12m,1,2,TRUE
1482,A-035032.wav,CD,3F12m,CD-3F12m,1,3,TRUE
1483,A-035033.wav,CD,3F12m,CD-3F12m,1,4,TRUE
1484,A-035034.wav,CD,3F12m,CD-3F12m,1,5,TRUE
1485,A-035035.wav,CD,3F12m,CD-3F12m,1,1,TRUE
1486,A-035036.wav,CD,3F12m,CD-3F12m,1,2,TRUE
1487,A-035037.wav,CD,3F12m,CD-3F12m,1,3,TRUE
1488,A-035038.wav,CD,3F12m,CD-3F12m,1,4,TRUE
1489,A-035039.wav,CD,3F12m,CD-3F12m,1,5,TRUE
1490,A-035040.wav,CD,3F12m,CD-3F12m,1,1,TRUE
1491,A-035041.wav,CD,3F12m,CD-3F12m,1,2,TRUE
1492,A-035042.wav,CD,3F12m,CD-3F12m,1,3,TRUE
1493,A-035043.wav,CD,3F12m,CD-3F12m,1,4,TRUE
1494,A-035044.wav,CD,3F12m,CD-3F12m,1,5,TRUE
1495,A-035045.wav,CD,3F12m,CD-3F12m,1,1,TRUE
1496,A-035046.wav,CD,3F12m,CD-3F12m,1,2,TRUE
1497,A-035047.wav,CD,3F12m,CD-3F12m,1,3,TRUE
1498,A-035048.wav,CD,3F12m,CD-3F12m,1,4,TRUE
1499,A-035049.wav,CD,3F12m,CD-3F12m,1,5,TRUE
1500,A-036000.wav,VC,2F00m,VC-2F00m,0,1,TRUE
1501,A-036001.wav,VC,2F00m,VC-2F00m,0,2,TRUE
1502,A-036002.wav,VC,2F00m,VC-2F00m,0,3,TRUE
1503,A-036003.wav,VC,2F00m,VC-2F00m,0,4,TRUE
1504,A-036004.wav,VC,2F00m,VC-2F00m,0,5,TRUE
1505,A-036005.wav,VC,2F00m,VC-2F00m,0,1,TRUE
1506,A-036006.wav,VC,2F00m,VC-2F00m,0,2,TRUE
1507,A-036007.wav,VC,2F00m,VC-2F00m,0,3,TRUE
1508,A-036008.wav,VC,2F00m,VC-2F00m,0,4,TRUE
1509,A-036009.wav,VC,2F00m,VC-2F00m,0,5,TRUE
1510,A-036010.wav,VC,2F00m,VC-2F00m,0,1,TRUE
1511,A-036011.wav,VC,2F00m,VC-2F00m,0,2,TRUE
1512,A-036012.wav,VC,2F00m,VC-2F00m,0,3,TRUE
1513,A-036013.wav,VC,2F00m,VC-2F00m,0,4,TRUE
1514,A-036014.wav,VC,2F00m,VC-2F00m,0,5,TRUE
1515,A-036015.wav,VC,2F00m,VC-2F00m,0,1,TRUE
1516,A-036016.wav,VC,2F00m,VC-2F00m,0,2,TRUE
1517,A-036017.wav,VC,2F00m,VC-2F00m,0,3,TRUE
1518,A-036018.wav,VC,2F00m,VC-2F00m,0,4,TRUE
1519,A-036019.wav,VC,2F00m,VC-2F00m,0,5,TRUE
1520,A-036020.wav,VC,2F00m,VC-2F00m,0,1,TRUE
1521,A-036021.wav,VC,2F00m,VC-2F00m,0,2,TRUE
1522,A-036022.wav,VC,2F00m,VC-2F00m,0,3,TRUE
1523,A-036023.wav,VC,2F00m,VC-2F00m,0,4,TRUE
1524,A-036024.wav,VC,2F00m,VC-2F00m,0,5,TRUE
1525,A-036025.wav,VC,2F00m,VC-2F00m,0,1,TRUE
1526,A-036026.wav,VC,2F00m,VC-2F00m,0,2,TRUE
1527,A-036027.wav,VC,2F00m,VC-2F00m,0,3,TRUE
1528,A-036028.wav,VC,2F00m,VC-2F00m,0,4,TRUE
1529,A-036029.wav,VC,2F00m,VC-2F00m,0,5,TRUE
1530,A-036030.wav,VC,2F00m,VC-2F00m,0,1,TRUE
1531,A-036031.wav,VC,2F00m,VC-2F00m,0,2,TRUE
1532,A-036032.wav,VC,2F00m,VC-2F00m,0,3,TRUE
1533,A-036033.wav,VC,2F00m,VC-2F00m,0,4,TRUE
1534,A-036034.wav,VC,2F00m,VC-2F00m,0,5,TRUE
1535,A-036035.wav,VC,2F00m,VC-2F00m,0,1,TRUE
1536,A-036036.wav,VC,2F00m,VC-2F00m,0,2,TRUE
1537,A-036037.wav,VC,2F00m,VC-2F00m,0,3,TRUE
1538,A-036038.wav,VC,2F00m,VC-2F00m,0,4,TRUE
1539,A-036039.wav,VC,2F00m,VC-2F00m,0,5,TRUE
1540,A-036040.wav,VC,2F00m,VC-2F00m,0,1,TRUE
1541,A-036041.wav,VC,2F00m,VC-2F00m,0,2,TRUE
1542,A-036042.wav,VC,2F00m,VC-2F00m,0,3,TRUE
1543,A-036043.wav,VC,2F00m,VC-2F00m,0,4,TRUE
1544,A-036044.wav,VC,2F00m,VC-2F00m,0,5,TRUE
1545,A-036045.wav,VC,2F00m,VC-2F00m,0,1,TRUE
1546,A-036046.wav,VC,2F00m,VC-2F00m,0,2,TRUE
1547,A-036047.wav,VC,2F00m,VC-2F00m,0,3,TRUE
1548,A-036048.wav,VC,2F00m,VC-2F00m,0,4,TRUE
1549,A-036049.wav,VC,2F00m,VC-2F00m,0,5,TRUE
1550,A-037000.wav,VC,2F06m,VC-2F06m,0,1,TRUE
1551,A-037001.wav,VC,2F06m,VC-2F06m,0,2,TRUE
1552,A-037002.wav,VC,2F06m,VC-2F06m,0,3,TRUE
1553,A-037003.wav,VC,2F06m,VC-2F06m,0,4,TRUE
1554,A-037004.wav,VC,2F06m,VC-2F06m,0,5,TRUE
1555,A-037005.wav,VC,2F06m,VC-2F06m,0,1,TRUE
1556,A-037006.wav,VC,2F06m,VC-2F06m,0,2,TRUE
1557,A-037007.wav,VC,2F06m,VC-2F06m,0,3,TRUE
1558,A-037008.wav,VC,2F06m,VC-2F06m,0,4,TRUE
1559,A-037009.wav,VC,2F06m,VC-2F06m,0,5,TRUE
1560,A-037010.wav,VC,2F06m,VC-2F06m,0,1,TRUE
1561,A-037011.wav,VC,2F06m,VC-2F06m,0,2,TRUE
1562,A-037012.wav,VC,2F06m,VC-2F06m,0,3,TRUE
1563,A-037013.wav,VC,2F06m,VC-2F06m,0,4,TRUE
1564,A-037014.wav,VC,2F06m,VC-2F06m,0,5,TRUE
1565,A-037015.wav,VC,2F06m,VC-2F06m,0,1,TRUE
1566,A-037016.wav,VC,2F06m,VC-2F06m,0,2,TRUE
1567,A-037017.wav,VC,2F06m,VC-2F06m,0,3,TRUE
1568,A-037018.wav,VC,2F06m,VC-2F06m,0,4,TRUE
1569,A-037019.wav,VC,2F06m,VC-2F06m,0,5,TRUE
1570,A-037020.wav,VC,2F06m,VC-2F06m,0,1,TRUE
1571,A-037021.wav,VC,2F06m,VC-2F06m,0,2,TRUE
1572,A-037022.wav,VC,2F06m,VC-2F06m,0,3,TRUE
1573,A-037023.wav,VC,2F06m,VC-2F06m,0,4,TRUE
1574,A-037024.wav,VC,2F06m,VC-2F06m,0,5,TRUE
1575,A-037025.wav,VC,2F06m,VC-2F06m,0,1,TRUE
1576,A-037026.wav,VC,2F06m,VC-2F06m,0,2,TRUE
1577,A-037027.wav,VC,2F06m,VC-2F06m,0,3,TRUE
1578,A-037028.wav,VC,2F06m,VC-2F06m,0,4,TRUE
1579,A-037029.wav,VC,2F06m,VC-2F06m,0,5,TRUE
1580,A-037030.wav,VC,2F06m,VC-2F06m,0,1,TRUE
1581,A-037031.wav,VC,2F06m,VC-2F06m,0,2,TRUE
1582,A-037032.wav,VC,2F06m,VC-2F06m,0,3,TRUE
1583,A-037033.wav,VC,2F06m,VC-2F06m,0,4,TRUE
1584,A-037034.wav,VC,2F06m,VC-2F06m,0,5,TRUE
1585,A-037035.wav,VC,2F06m,VC-2F06m,0,1,TRUE
1586,A-037036.wav,VC,2F06m,VC-2F06m,0,2,TRUE
1587,A-037037.wav,VC,2F06m,VC-2F06m,0,3,TRUE
1588,A-037038.wav,VC,2F06m,VC-2F06m,0,4,TRUE
1589,A-037039.wav,VC,2F06m,VC-2F06m,0,5,TRUE
1590,A-037040.wav,VC,2F06m,VC-2F06m,0,1,TRUE
1591,A-037041.wav,VC,2F06m,VC-2F06m,0,2,TRUE
1592,A-037042.wav,VC,2F06m,VC-2F06m,0,3,TRUE
1593,A-037043.wav,VC,2F06m,VC-2F06m,0,4,TRUE
1594,A-037044.wav,VC,2F06m,VC-2F06m,0,5,TRUE
1595,A-037045.wav,VC,2F06m,VC-2F06m,0,1,TRUE
1596,A-037046.wav,VC,2F06m,VC-2F06m,0,2,TRUE
1597,A-037047.wav,VC,2F06m,VC-2F06m,0,3,TRUE
1598,A-037048.wav,VC,2F06m,VC-2F06m,0,4,TRUE
1599,A-037049.wav,VC,2F06m,VC-2F06m,0,5,TRUE
1600,A-038000.wav,VC,2F12m,VC-2F12m,0,1,TRUE
1601,A-038001.wav,VC,2F12m,VC-2F12m,0,2,TRUE
1602,A-038002.wav,VC,2F12m,VC-2F12m,0,3,TRUE
1603,A-038003.wav,VC,2F12m,VC-2F12m,0,4,TRUE
1604,A-038004.wav,VC,2F12m,VC-2F12m,0,5,TRUE
1605,A-038005.wav,VC,2F12m,VC-2F12m,0,1,TRUE
1606,A-038006.wav,VC,2F12m,VC-2F12m,0,2,TRUE
1607,A-038007.wav,VC,2F12m,VC-2F12m,0,3,TRUE
1608,A-038008.wav,VC,2F12m,VC-2F12m,0,4,TRUE
1609,A-038009.wav,VC,2F12m,VC-2F12m,0,5,TRUE
1610,A-038010.wav,VC,2F12m,VC-2F12m,0,1,TRUE
1611,A-038011.wav,VC,2F12m,VC-2F12m,0,2,TRUE
1612,A-038012.wav,VC,2F12m,VC-2F12m,0,3,TRUE
1613,A-038013.wav,VC,2F12m,VC-2F12m,0,4,TRUE
1614,A-038014.wav,VC,2F12m,VC-2F12m,0,5,TRUE
1615,A-038015.wav,VC,2F12m,VC-2F12m,0,1,TRUE
1616,A-038016.wav,VC,2F12m,VC-2F12m,0,2,TRUE
1617,A-038017.wav,VC,2F12m,VC-2F12m,0,3,TRUE
1618,A-038018.wav,VC,2F12m,VC-2F12m,0,4,TRUE
1619,A-038019.wav,VC,2F12m,VC-2F12m,0,5,TRUE
1620,A-038020.wav,VC,2F12m,VC-2F12m,0,1,TRUE
1621,A-038021.wav,VC,2F12m,VC-2F12m,0,2,TRUE
1622,A-038022.wav,VC,2F12m,VC-2F12m,0,3,TRUE
1623,A-038023.wav,VC,2F12m,VC-2F12m,0,4,TRUE
1624,A-038024.wav,VC,2F12m,VC-2F12m,0,5,TRUE
1625,A-038025.wav,VC,2F12m,VC-2F12m,0,1,TRUE
1626,A-038026.wav,VC,2F12m,VC-2F12m,0,2,TRUE
1627,A-038027.wav,VC,2F12m,VC-2F12m,0,3,TRUE
1628,A-038028.wav,VC,2F12m,VC-2F12m,0,4,TRUE
1629,A-038029.wav,VC,2F12m,VC-2F12m,0,5,TRUE
1630,A-038030.wav,VC,2F12m,VC-2F12m,0,1,TRUE
1631,A-038031.wav,VC,2F12m,VC-2F12m,0,2,TRUE
1632,A-038032.wav,VC,2F12m,VC-2F12m,0,3,TRUE
1633,A-038033.wav,VC,2F12m,VC-2F12m,0,4,TRUE
1634,A-038034.wav,VC,2F12m,VC-2F12m,0,5,TRUE
1635,A-038035.wav,VC,2F12m,VC-2F12m,0,1,TRUE
1636,A-038036.wav,VC,2F12m,VC-2F12m,0,2,TRUE
1637,A-038037.wav,VC,2F12m,VC-2F12m,0,3,TRUE
1638,A-038038.wav,VC,2F12m,VC-2F12m,0,4,TRUE
1639,A-038039.wav,VC,2F12m,VC-2F12m,0,5,TRUE
1640,A-038040.wav,VC,2F12m,VC-2F12m,0,1,TRUE
1641,A-038041.wav,VC,2F12m,VC-2F12m,0,2,TRUE
1642,A-038042.wav,VC,2F12m,VC-2F12m,0,3,TRUE
1643,A-038043.wav,VC,2F12m,VC-2F12m,0,4,TRUE
1644,A-038044.wav,VC,2F12m,VC-2F12m,0,5,TRUE
1645,A-038045.wav,VC,2F12m,VC-2F12m,0,1,TRUE
1646,A-038046.wav,VC,2F12m,VC-2F12m,0,2,TRUE
1647,A-038047.wav,VC,2F12m,VC-2F12m,0,3,TRUE
1648,A-038048.wav,VC,2F12m,VC-2F12m,0,4,TRUE
1649,A-038049.wav,VC,2F12m,VC-2F12m,0,5,TRUE
1650,A-069000.wav,HH,3F00m,HH-3F00m,1,1,TRUE
1651,A-069001.wav,HH,3F00m,HH-3F00m,1,2,TRUE
1652,A-069002.wav,HH,3F00m,HH-3F00m,1,3,TRUE
1653,A-069003.wav,HH,3F00m,HH-3F00m,1,4,TRUE
1654,A-069004.wav,HH,3F00m,HH-3F00m,1,5,TRUE
1655,A-069005.wav,HH,3F00m,HH-3F00m,1,1,TRUE
1656,A-069006.wav,HH,3F00m,HH-3F00m,1,2,TRUE
1657,A-069007.wav,HH,3F00m,HH-3F00m,1,3,TRUE
1658,A-069008.wav,HH,3F00m,HH-3F00m,1,4,TRUE
1659,A-069009.wav,HH,3F00m,HH-3F00m,1,5,TRUE
1660,A-069010.wav,HH,3F00m,HH-3F00m,1,1,TRUE
1661,A-069011.wav,HH,3F00m,HH-3F00m,1,2,TRUE
1662,A-069012.wav,HH,3F00m,HH-3F00m,1,3,TRUE
1663,A-069013.wav,HH,3F00m,HH-3F00m,1,4,TRUE
1664,A-069014.wav,HH,3F00m,HH-3F00m,1,5,TRUE
1665,A-069015.wav,HH,3F00m,HH-3F00m,1,1,TRUE
1666,A-069016.wav,HH,3F00m,HH-3F00m,1,2,TRUE
1667,A-069017.wav,HH,3F00m,HH-3F00m,1,3,TRUE
1668,A-069018.wav,HH,3F00m,HH-3F00m,1,4,TRUE
1669,A-069019.wav,HH,3F00m,HH-3F00m,1,5,TRUE
1670,A-069020.wav,HH,3F00m,HH-3F00m,1,1,TRUE
1671,A-069021.wav,HH,3F00m,HH-3F00m,1,2,TRUE
1672,A-069022.wav,HH,3F00m,HH-3F00m,1,3,TRUE
1673,A-069023.wav,HH,3F00m,HH-3F00m,1,4,TRUE
1674,A-069024.wav,HH,3F00m,HH-3F00m,1,5,TRUE
1675,A-069025.wav,HH,3F00m,HH-3F00m,1,1,TRUE
1676,A-069026.wav,HH,3F00m,HH-3F00m,1,2,TRUE
1677,A-069027.wav,HH,3F00m,HH-3F00m,1,3,TRUE
1678,A-069028.wav,HH,3F00m,HH-3F00m,1,4,TRUE
1679,A-069029.wav,HH,3F00m,HH-3F00m,1,5,TRUE
1680,A-069030.wav,HH,3F00m,HH-3F00m,1,1,TRUE
1681,A-069031.wav,HH,3F00m,HH-3F00m,1,2,TRUE
1682,A-069032.wav,HH,3F00m,HH-3F00m,1,3,TRUE
1683,A-069033.wav,HH,3F00m,HH-3F00m,1,4,TRUE
1684,A-069034.wav,HH,3F00m,HH-3F00m,1,5,TRUE
1685,A-069035.wav,HH,3F00m,HH-3F00m,1,1,TRUE
1686,A-069036.wav,HH,3F00m,HH-3F00m,1,2,TRUE
1687,A-069037.wav,HH,3F00m,HH-3F00m,1,3,TRUE
1688,A-069038.wav,HH,3F00m,HH-3F00m,1,4,TRUE
1689,A-069039.wav,HH,3F00m,HH-3F00m,1,5,TRUE
1690,A-069040.wav,HH,3F00m,HH-3F00m,1,1,TRUE
1691,A-069041.wav,HH,3F00m,HH-3F00m,1,2,TRUE
1692,A-069042.wav,HH,3F00m,HH-3F00m,1,3,TRUE
1693,A-069043.wav,HH,3F00m,HH-3F00m,1,4,TRUE
1694,A-069044.wav,HH,3F00m,HH-3F00m,1,5,TRUE
1695,A-069045.wav,HH,3F00m,HH-3F00m,1,1,TRUE
1696,A-069046.wav,HH,3F00m,HH-3F00m,1,2,TRUE
1697,A-069047.wav,HH,3F00m,HH-3F00m,1,3,TRUE
1698,A-069048.wav,HH,3F00m,HH-3F00m,1,4,TRUE
1699,A-069049.wav,HH,3F00m,HH-3F00m,1,5,TRUE
1700,A-070000.wav,MB,3F00m,MB-3F00m,1,1,TRUE
1701,A-070001.wav,MB,3F00m,MB-3F00m,1,2,TRUE
1702,A-070002.wav,MB,3F00m,MB-3F00m,1,3,TRUE
1703,A-070003.wav,MB,3F00m,MB-3F00m,1,4,TRUE
1704,A-070004.wav,MB,3F00m,MB-3F00m,1,5,TRUE
1705,A-070005.wav,MB,3F00m,MB-3F00m,1,1,TRUE
1706,A-070006.wav,MB,3F00m,MB-3F00m,1,2,TRUE
1707,A-070007.wav,MB,3F00m,MB-3F00m,1,3,TRUE
1708,A-070008.wav,MB,3F00m,MB-3F00m,1,4,TRUE
1709,A-070009.wav,MB,3F00m,MB-3F00m,1,5,TRUE
1710,A-070010.wav,MB,3F00m,MB-3F00m,1,1,TRUE
1711,A-070011.wav,MB,3F00m,MB-3F00m,1,2,TRUE
1712,A-070012.wav,MB,3F00m,MB-3F00m,1,3,TRUE
1713,A-070013.wav,MB,3F00m,MB-3F00m,1,4,TRUE
1714,A-070014.wav,MB,3F00m,MB-3F00m,1,5,TRUE
1715,A-070015.wav,MB,3F00m,MB-3F00m,1,1,TRUE
1716,A-070016.wav,MB,3F00m,MB-3F00m,1,2,TRUE
1717,A-070017.wav,MB,3F00m,MB-3F00m,1,3,TRUE
1718,A-070018.wav,MB,3F00m,MB-3F00m,1,4,TRUE
1719,A-070019.wav,MB,3F00m,MB-3F00m,1,5,TRUE
1720,A-070020.wav,MB,3F00m,MB-3F00m,1,1,TRUE
1721,A-070021.wav,MB,3F00m,MB-3F00m,1,2,TRUE
1722,A-070022.wav,MB,3F00m,MB-3F00m,1,3,TRUE
1723,A-070023.wav,MB,3F00m,MB-3F00m,1,4,TRUE
1724,A-070024.wav,MB,3F00m,MB-3F00m,1,5,TRUE
1725,A-070025.wav,MB,3F00m,MB-3F00m,1,1,TRUE
1726,A-070026.wav,MB,3F00m,MB-3F00m,1,2,TRUE
1727,A-070027.wav,MB,3F00m,MB-3F00m,1,3,TRUE
1728,A-070028.wav,MB,3F00m,MB-3F00m,1,4,TRUE
1729,A-070029.wav,MB,3F00m,MB-3F00m,1,5,TRUE
1730,A-070030.wav,MB,3F00m,MB-3F00m,1,1,TRUE
1731,A-070031.wav,MB,3F00m,MB-3F00m,1,2,TRUE
1732,A-070032.wav,MB,3F00m,MB-3F00m,1,3,TRUE
1733,A-070033.wav,MB,3F00m,MB-3F00m,1,4,TRUE
1734,A-070034.wav,MB,3F00m,MB-3F00m,1,5,TRUE
1735,A-070035.wav,MB,3F00m,MB-3F00m,1,1,TRUE
1736,A-070036.wav,MB,3F00m,MB-3F00m,1,2,TRUE
1737,A-070037.wav,MB,3F00m,MB-3F00m,1,3,TRUE
1738,A-070038.wav,MB,3F00m,MB-3F00m,1,4,TRUE
1739,A-070039.wav,MB,3F00m,MB-3F00m,1,5,TRUE
1740,A-070040.wav,MB,3F00m,MB-3F00m,1,1,TRUE
1741,A-070041.wav,MB,3F00m,MB-3F00m,1,2,TRUE
1742,A-070042.wav,MB,3F00m,MB-3F00m,1,3,TRUE
1743,A-070043.wav,MB,3F00m,MB-3F00m,1,4,TRUE
1744,A-070044.wav,MB,3F00m,MB-3F00m,1,5,TRUE
1745,A-070045.wav,MB,3F00m,MB-3F00m,1,1,TRUE
1746,A-070046.wav,MB,3F00m,MB-3F00m,1,2,TRUE
1747,A-070047.wav,MB,3F00m,MB-3F00m,1,3,TRUE
1748,A-070048.wav,MB,3F00m,MB-3F00m,1,4,TRUE
1749,A-070049.wav,MB,3F00m,MB-3F00m,1,5,TRUE
1750,A-081000.wav,HH,3F06m,HH-3F06m,1,1,TRUE
1751,A-081001.wav,HH,3F06m,HH-3F06m,1,2,TRUE
1752,A-081002.wav,HH,3F06m,HH-3F06m,1,3,TRUE
1753,A-081003.wav,HH,3F06m,HH-3F06m,1,4,TRUE
1754,A-081004.wav,HH,3F06m,HH-3F06m,1,5,TRUE
1755,A-081005.wav,HH,3F06m,HH-3F06m,1,1,TRUE
1756,A-081006.wav,HH,3F06m,HH-3F06m,1,2,TRUE
1757,A-081007.wav,HH,3F06m,HH-3F06m,1,3,TRUE
1758,A-081008.wav,HH,3F06m,HH-3F06m,1,4,TRUE
1759,A-081009.wav,HH,3F06m,HH-3F06m,1,5,TRUE
1760,A-081010.wav,HH,3F06m,HH-3F06m,1,1,TRUE
1761,A-081011.wav,HH,3F06m,HH-3F06m,1,2,TRUE
1762,A-081012.wav,HH,3F06m,HH-3F06m,1,3,TRUE
1763,A-081013.wav,HH,3F06m,HH-3F06m,1,4,TRUE
1764,A-081014.wav,HH,3F06m,HH-3F06m,1,5,TRUE
1765,A-081015.wav,HH,3F06m,HH-3F06m,1,1,TRUE
1766,A-081016.wav,HH,3F06m,HH-3F06m,1,2,TRUE
1767,A-081017.wav,HH,3F06m,HH-3F06m,1,3,TRUE
1768,A-081018.wav,HH,3F06m,HH-3F06m,1,4,TRUE
1769,A-081019.wav,HH,3F06m,HH-3F06m,1,5,TRUE
1770,A-081020.wav,HH,3F06m,HH-3F06m,1,1,TRUE
1771,A-081021.wav,HH,3F06m,HH-3F06m,1,2,TRUE
1772,A-081022.wav,HH,3F06m,HH-3F06m,1,3,TRUE
1773,A-081023.wav,HH,3F06m,HH-3F06m,1,4,TRUE
1774,A-081024.wav,HH,3F06m,HH-3F06m,1,5,TRUE
1775,A-081025.wav,HH,3F06m,HH-3F06m,1,1,TRUE
1776,A-081026.wav,HH,3F06m,HH-3F06m,1,2,TRUE
1777,A-081027.wav,HH,3F06m,HH-3F06m,1,3,TRUE
1778,A-081028.wav,HH,3F06m,HH-3F06m,1,4,TRUE
1779,A-081029.wav,HH,3F06m,HH-3F06m,1,5,TRUE
1780,A-081030.wav,HH,3F06m,HH-3F06m,1,1,TRUE
1781,A-081031.wav,HH,3F06m,HH-3F06m,1,2,TRUE
1782,A-081032.wav,HH,3F06m,HH-3F06m,1,3,TRUE
1783,A-081033.wav,HH,3F06m,HH-3F06m,1,4,TRUE
1784,A-081034.wav,HH,3F06m,HH-3F06m,1,5,TRUE
1785,A-081035.wav,HH,3F06m,HH-3F06m,1,1,TRUE
1786,A-081036.wav,HH,3F06m,HH-3F06m,1,2,TRUE
1787,A-081037.wav,HH,3F06m,HH-3F06m,1,3,TRUE
1788,A-081038.wav,HH,3F06m,HH-3F06m,1,4,TRUE
1789,A-081039.wav,HH,3F06m,HH-3F06m,1,5,TRUE
1790,A-081040.wav,HH,3F06m,HH-3F06m,1,1,TRUE
1791,A-081041.wav,HH,3F06m,HH-3F06m,1,2,TRUE
1792,A-081042.wav,HH,3F06m,HH-3F06m,1,3,TRUE
1793,A-081043.wav,HH,3F06m,HH-3F06m,1,4,TRUE
1794,A-081044.wav,HH,3F06m,HH-3F06m,1,5,TRUE
1795,A-081045.wav,HH,3F06m,HH-3F06m,1,1,TRUE
1796,A-081046.wav,HH,3F06m,HH-3F06m,1,2,TRUE
1797,A-081047.wav,HH,3F06m,HH-3F06m,1,3,TRUE
1798,A-081048.wav,HH,3F06m,HH-3F06m,1,4,TRUE
1799,A-081049.wav,HH,3F06m,HH-3F06m,1,5,TRUE
1800,A-082000.wav,MB,3F06m,MB-3F06m,1,1,TRUE
1801,A-082001.wav,MB,3F06m,MB-3F06m,1,2,TRUE
1802,A-082002.wav,MB,3F06m,MB-3F06m,1,3,TRUE
1803,A-082003.wav,MB,3F06m,MB-3F06m,1,4,TRUE
1804,A-082004.wav,MB,3F06m,MB-3F06m,1,5,TRUE
1805,A-082005.wav,MB,3F06m,MB-3F06m,1,1,TRUE
1806,A-082006.wav,MB,3F06m,MB-3F06m,1,2,TRUE
1807,A-082007.wav,MB,3F06m,MB-3F06m,1,3,TRUE
1808,A-082008.wav,MB,3F06m,MB-3F06m,1,4,TRUE
1809,A-082009.wav,MB,3F06m,MB-3F06m,1,5,TRUE
1810,A-082010.wav,MB,3F06m,MB-3F06m,1,1,TRUE
1811,A-082011.wav,MB,3F06m,MB-3F06m,1,2,TRUE
1812,A-082012.wav,MB,3F06m,MB-3F06m,1,3,TRUE
1813,A-082013.wav,MB,3F06m,MB-3F06m,1,4,TRUE
1814,A-082014.wav,MB,3F06m,MB-3F06m,1,5,TRUE
1815,A-082015.wav,MB,3F06m,MB-3F06m,1,1,TRUE
1816,A-082016.wav,MB,3F06m,MB-3F06m,1,2,TRUE
1817,A-082017.wav,MB,3F06m,MB-3F06m,1,3,TRUE
1818,A-082018.wav,MB,3F06m,MB-3F06m,1,4,TRUE
1819,A-082019.wav,MB,3F06m,MB-3F06m,1,5,TRUE
1820,A-082020.wav,MB,3F06m,MB-3F06m,1,1,TRUE
1821,A-082021.wav,MB,3F06m,MB-3F06m,1,2,TRUE
1822,A-082022.wav,MB,3F06m,MB-3F06m,1,3,TRUE
1823,A-082023.wav,MB,3F06m,MB-3F06m,1,4,TRUE
1824,A-082024.wav,MB,3F06m,MB-3F06m,1,5,TRUE
1825,A-082025.wav,MB,3F06m,MB-3F06m,1,1,TRUE
1826,A-082026.wav,MB,3F06m,MB-3F06m,1,2,TRUE
1827,A-082027.wav,MB,3F06m,MB-3F06m,1,3,TRUE
1828,A-082028.wav,MB,3F06m,MB-3F06m,1,4,TRUE
1829,A-082029.wav,MB,3F06m,MB-3F06m,1,5,TRUE
1830,A-082030.wav,MB,3F06m,MB-3F06m,1,1,TRUE
1831,A-082031.wav,MB,3F06m,MB-3F06m,1,2,TRUE
1832,A-082032.wav,MB,3F06m,MB-3F06m,1,3,TRUE
1833,A-082033.wav,MB,3F06m,MB-3F06m,1,4,TRUE
1834,A-082034.wav,MB,3F06m,MB-3F06m,1,5,TRUE
1835,A-082035.wav,MB,3F06m,MB-3F06m,1,1,TRUE
1836,A-082036.wav,MB,3F06m,MB-3F06m,1,2,TRUE
1837,A-082037.wav,MB,3F06m,MB-3F06m,1,3,TRUE
1838,A-082038.wav,MB,3F06m,MB-3F06m,1,4,TRUE
1839,A-082039.wav,MB,3F06m,MB-3F06m,1,5,TRUE
1840,A-082040.wav,MB,3F06m,MB-3F06m,1,1,TRUE
1841,A-082041.wav,MB,3F06m,MB-3F06m,1,2,TRUE
1842,A-082042.wav,MB,3F06m,MB-3F06m,1,3,TRUE
1843,A-082043.wav,MB,3F06m,MB-3F06m,1,4,TRUE
1844,A-082044.wav,MB,3F06m,MB-3F06m,1,5,TRUE
1845,A-082045.wav,MB,3F06m,MB-3F06m,1,1,TRUE
1846,A-082046.wav,MB,3F06m,MB-3F06m,1,2,TRUE
1847,A-082047.wav,MB,3F06m,MB-3F06m,1,3,TRUE
1848,A-082048.wav,MB,3F06m,MB-3F06m,1,4,TRUE
1849,A-082049.wav,MB,3F06m,MB-3F06m,1,5,TRUE
1850,A-093000.wav,HH,3F12m,HH-3F12m,1,1,TRUE
1851,A-093001.wav,HH,3F12m,HH-3F12m,1,2,TRUE
1852,A-093002.wav,HH,3F12m,HH-3F12m,1,3,TRUE
1853,A-093003.wav,HH,3F12m,HH-3F12m,1,4,TRUE
1854,A-093004.wav,HH,3F12m,HH-3F12m,1,5,TRUE
1855,A-093005.wav,HH,3F12m,HH-3F12m,1,1,TRUE
1856,A-093006.wav,HH,3F12m,HH-3F12m,1,2,TRUE
1857,A-093007.wav,HH,3F12m,HH-3F12m,1,3,TRUE
1858,A-093008.wav,HH,3F12m,HH-3F12m,1,4,TRUE
1859,A-093009.wav,HH,3F12m,HH-3F12m,1,5,TRUE
1860,A-093010.wav,HH,3F12m,HH-3F12m,1,1,TRUE
1861,A-093011.wav,HH,3F12m,HH-3F12m,1,2,TRUE
1862,A-093012.wav,HH,3F12m,HH-3F12m,1,3,TRUE
1863,A-093013.wav,HH,3F12m,HH-3F12m,1,4,TRUE
1864,A-093014.wav,HH,3F12m,HH-3F12m,1,5,TRUE
1865,A-093015.wav,HH,3F12m,HH-3F12m,1,1,TRUE
1866,A-093016.wav,HH,3F12m,HH-3F12m,1,2,TRUE
1867,A-093017.wav,HH,3F12m,HH-3F12m,1,3,TRUE
1868,A-093018.wav,HH,3F12m,HH-3F12m,1,4,TRUE
1869,A-093019.wav,HH,3F12m,HH-3F12m,1,5,TRUE
1870,A-093020.wav,HH,3F12m,HH-3F12m,1,1,TRUE
1871,A-093021.wav,HH,3F12m,HH-3F12m,1,2,TRUE
1872,A-093022.wav,HH,3F12m,HH-3F12m,1,3,TRUE
1873,A-093023.wav,HH,3F12m,HH-3F12m,1,4,TRUE
1874,A-093024.wav,HH,3F12m,HH-3F12m,1,5,TRUE
1875,A-093025.wav,HH,3F12m,HH-3F12m,1,1,TRUE
1876,A-093026.wav,HH,3F12m,HH-3F12m,1,2,TRUE
1877,A-093027.wav,HH,3F12m,HH-3F12m,1,3,TRUE
1878,A-093028.wav,HH,3F12m,HH-3F12m,1,4,TRUE
1879,A-093029.wav,HH,3F12m,HH-3F12m,1,5,TRUE
1880,A-093030.wav,HH,3F12m,HH-3F12m,1,1,TRUE
1881,A-093031.wav,HH,3F12m,HH-3F12m,1,2,TRUE
1882,A-093032.wav,HH,3F12m,HH-3F12m,1,3,TRUE
1883,A-093033.wav,HH,3F12m,HH-3F12m,1,4,TRUE
1884,A-093034.wav,HH,3F12m,HH-3F12m,1,5,TRUE
1885,A-093035.wav,HH,3F12m,HH-3F12m,1,1,TRUE
1886,A-093036.wav,HH,3F12m,HH-3F12m,1,2,TRUE
1887,A-093037.wav,HH,3F12m,HH-3F12m,1,3,TRUE
1888,A-093038.wav,HH,3F12m,HH-3F12m,1,4,TRUE
1889,A-093039.wav,HH,3F12m,HH-3F12m,1,5,TRUE
1890,A-093040.wav,HH,3F12m,HH-3F12m,1,1,TRUE
1891,A-093041.wav,HH,3F12m,HH-3F12m,1,2,TRUE
1892,A-093042.wav,HH,3F12m,HH-3F12m,1,3,TRUE
1893,A-093043.wav,HH,3F12m,HH-3F12m,1,4,TRUE
1894,A-093044.wav,HH,3F12m,HH-3F12m,1,5,TRUE
1895,A-093045.wav,HH,3F12m,HH-3F12m,1,1,TRUE
1896,A-093046.wav,HH,3F12m,HH-3F12m,1,2,TRUE
1897,A-093047.wav,HH,3F12m,HH-3F12m,1,3,TRUE
1898,A-093048.wav,HH,3F12m,HH-3F12m,1,4,TRUE
1899,A-093049.wav,HH,3F12m,HH-3F12m,1,5,TRUE
1900,A-094000.wav,MB,3F12m,MB-3F12m,1,1,TRUE
1901,A-094001.wav,MB,3F12m,MB-3F12m,1,2,TRUE
1902,A-094002.wav,MB,3F12m,MB-3F12m,1,3,TRUE
1903,A-094003.wav,MB,3F12m,MB-3F12m,1,4,TRUE
1904,A-094004.wav,MB,3F12m,MB-3F12m,1,5,TRUE
1905,A-094005.wav,MB,3F12m,MB-3F12m,1,1,TRUE
1906,A-094006.wav,MB,3F12m,MB-3F12m,1,2,TRUE
1907,A-094007.wav,MB,3F12m,MB-3F12m,1,3,TRUE
1908,A-094008.wav,MB,3F12m,MB-3F12m,1,4,TRUE
1909,A-094009.wav,MB,3F12m,MB-3F12m,1,5,TRUE
1910,A-094010.wav,MB,3F12m,MB-3F12m,1,1,TRUE
1911,A-094011.wav,MB,3F12m,MB-3F12m,1,2,TRUE
1912,A-094012.wav,MB,3F12m,MB-3F12m,1,3,TRUE
1913,A-094013.wav,MB,3F12m,MB-3F12m,1,4,TRUE
1914,A-094014.wav,MB,3F12m,MB-3F12m,1,5,TRUE
1915,A-094015.wav,MB,3F12m,MB-3F12m,1,1,TRUE
1916,A-094016.wav,MB,3F12m,MB-3F12m,1,2,TRUE
1917,A-094017.wav,MB,3F12m,MB-3F12m,1,3,TRUE
1918,A-094018.wav,MB,3F12m,MB-3F12m,1,4,TRUE
1919,A-094019.wav,MB,3F12m,MB-3F12m,1,5,TRUE
1920,A-094020.wav,MB,3F12m,MB-3F12m,1,1,TRUE
1921,A-094021.wav,MB,3F12m,MB-3F12m,1,2,TRUE
1922,A-094022.wav,MB,3F12m,MB-3F12m,1,3,TRUE
1923,A-094023.wav,MB,3F12m,MB-3F12m,1,4,TRUE
1924,A-094024.wav,MB,3F12m,MB-3F12m,1,5,TRUE
1925,A-094025.wav,MB,3F12m,MB-3F12m,1,1,TRUE
1926,A-094026.wav,MB,3F12m,MB-3F12m,1,2,TRUE
1927,A-094027.wav,MB,3F12m,MB-3F12m,1,3,TRUE
1928,A-094028.wav,MB,3F12m,MB-3F12m,1,4,TRUE
1929,A-094029.wav,MB,3F12m,MB-3F12m,1,5,TRUE
1930,A-094030.wav,MB,3F12m,MB-3F12m,1,1,TRUE
1931,A-094031.wav,MB,3F12m,MB-3F12m,1,2,TRUE
1932,A-094032.wav,MB,3F12m,MB-3F12m,1,3,TRUE
1933,A-094033.wav,MB,3F12m,MB-3F12m,1,4,TRUE
1934,A-094034.wav,MB,3F12m,MB-3F12m,1,5,TRUE
1935,A-094035.wav,MB,3F12m,MB-3F12m,1,1,TRUE
1936,A-094036.wav,MB,3F12m,MB-3F12m,1,2,TRUE
1937,A-094037.wav,MB,3F12m,MB-3F12m,1,3,TRUE
1938,A-094038.wav,MB,3F12m,MB-3F12m,1,4,TRUE
1939,A-094039.wav,MB,3F12m,MB-3F12m,1,5,TRUE
1940,A-094040.wav,MB,3F12m,MB-3F12m,1,1,TRUE
1941,A-094041.wav,MB,3F12m,MB-3F12m,1,2,TRUE
1942,A-094042.wav,MB,3F12m,MB-3F12m,1,3,TRUE
1943,A-094043.wav,MB,3F12m,MB-3F12m,1,4,TRUE
1944,A-094044.wav,MB,3F12m,MB-3F12m,1,5,TRUE
1945,A-094045.wav,MB,3F12m,MB-3F12m,1,1,TRUE
1946,A-094046.wav,MB,3F12m,MB-3F12m,1,2,TRUE
1947,A-094047.wav,MB,3F12m,MB-3F12m,1,3,TRUE
1948,A-094048.wav,MB,3F12m,MB-3F12m,1,4,TRUE
1949,A-094049.wav,MB,3F12m,MB-3F12m,1,5,TRUE